subject,latency,touch_rt
sub-01,0.10615700000000317,1.0050000000000026
sub-01,0.10615700000000317,1.0050000000000026
sub-01,0.04543499999999767,1.0
sub-01,0.04543499999999767,1.0
sub-01,0.05980800000000386,0.9990000000000023
sub-01,0.05980800000000386,0.9990000000000023
sub-01,0.011079999999999757,1.0
sub-01,0.011079999999999757,1.0
sub-01,0.01983399999999591,1.0009999999999977
sub-01,0.01983399999999591,1.0009999999999977
sub-01,0.07069100000001072,1.0159999999999627
sub-01,0.07069100000001072,1.0159999999999627
sub-01,0.08108000000004267,1.0
sub-01,0.08108000000004267,1.0
sub-01,0.08796200000006138,1.0
sub-01,0.08796200000006138,1.0
sub-01,0.002936000000090644,0.9990000000000236
sub-01,0.002936000000090644,0.9990000000000236
sub-01,0.02884700000004159,1.0109999999999673
sub-01,0.02884700000004159,1.0109999999999673
sub-01,0.007236000000034437,0.9990000000000236
sub-01,0.007236000000034437,0.9990000000000236
sub-01,0.05760299999997187,1.0
sub-01,0.05760299999997187,1.0
sub-01,0.37683900000001813,1.0
sub-01,0.37683900000001813,1.0
sub-01,0.016459000000054402,1.0009999999999764
sub-01,0.016459000000054402,1.0009999999999764
sub-02,0.032057000000008884,1.004000000000019
sub-02,0.032057000000008884,1.004000000000019
sub-02,0.04159199999998009,1.0
sub-02,0.04159199999998009,1.0
sub-02,0.05681799999999271,1.0
sub-02,0.05681799999999271,1.0
sub-02,0.035658999999981233,1.0
sub-02,0.035658999999981233,1.0
sub-02,0.005695000000002892,1.0
sub-02,0.005695000000002892,1.0
sub-02,0.1093349999999873,0.9990000000000236
sub-02,0.1093349999999873,0.9990000000000236
sub-02,0.04806199999995897,1.0
sub-02,0.04806199999995897,1.0
sub-02,0.11236299999995936,0.9990000000000236
sub-02,0.11236299999995936,0.9990000000000236
sub-02,0.04805099999998674,1.0009999999999764
sub-02,0.04805099999998674,1.0009999999999764
sub-02,0.05608800000004521,0.9950000000000045
sub-02,0.05608800000004521,0.9950000000000045
sub-02,0.1024009999999862,1.0
sub-02,0.1024009999999862,1.0
sub-02,0.012728000000038264,1.0009999999999764
sub-02,0.012728000000038264,1.0009999999999764
sub-02,0.13775300000008883,1.0
sub-02,0.13775300000008883,1.0
sub-02,0.09667699999999968,1.0
sub-02,0.09667699999999968,1.0
sub-02,0.22412800000006428,1.0
sub-02,0.22412800000006428,1.0
sub-02,0.08659499999998843,0.9990000000000236
sub-02,0.08659499999998843,0.9990000000000236
sub-02,0.0668070000001535,1.0
sub-02,0.0668070000001535,1.0
sub-03,0.011290000000002465,1.002999999999986
sub-03,0.011290000000002465,1.002999999999986
sub-03,0.039433000000002494,0.9989999999999952
sub-03,0.039433000000002494,0.9989999999999952
sub-03,0.14051200000000108,1.0
sub-03,0.14051200000000108,1.0
sub-03,0.05251000000001227,0.9990000000000236
sub-03,0.05251000000001227,0.9990000000000236
sub-03,0.0011359999999740467,1.0009999999999764
sub-03,0.0011359999999740467,1.0009999999999764
sub-03,0.07268099999998867,1.0
sub-03,0.07268099999998867,1.0
sub-03,0.041616999999973814,1.0
sub-03,0.041616999999973814,1.0
sub-03,0.02699099999995269,1.0
sub-03,0.02699099999995269,1.0
sub-03,0.07038299999999253,1.0
sub-03,0.07038299999999253,1.0
sub-03,0.052413000000001375,0.9969999999999573
sub-03,0.052413000000001375,0.9969999999999573
sub-03,0.04382399999997233,1.0
sub-03,0.04382399999997233,1.0
sub-03,0.004241999999976542,1.0
sub-03,0.004241999999976542,1.0
sub-03,0.045697000000018306,1.0
sub-03,0.045697000000018306,1.0
sub-03,0.012629000000060842,1.0
sub-03,0.012629000000060842,1.0
sub-04,0.010770999999991204,1.0090000000000003
sub-04,0.010770999999991204,1.0090000000000003
sub-04,0.14117799999999647,1.0
sub-04,0.14117799999999647,1.0
sub-04,0.07420700000000124,1.0
sub-04,0.07420700000000124,1.0
sub-04,0.013722000000001344,1.0
sub-04,0.013722000000001344,1.0
sub-04,0.02133800000000008,0.9989999999999952
sub-04,0.02133800000000008,0.9989999999999952
sub-04,0.0937059999999974,1.0
sub-04,0.0937059999999974,1.0
sub-04,0.042921999999975924,1.0
sub-04,0.042921999999975924,1.0
sub-04,0.09448599999996077,0.9990000000000236
sub-04,0.09448599999996077,0.9990000000000236
sub-04,0.05129699999997683,1.0009999999999764
sub-04,0.05129699999997683,1.0009999999999764
sub-04,0.08519999999998618,1.011000000000081
sub-04,0.08519999999998618,1.011000000000081
sub-04,0.004732999999987442,1.0
sub-04,0.004732999999987442,1.0
sub-04,0.11439599999994243,1.0
sub-04,0.11439599999994243,1.0
sub-04,0.049304000000006454,1.0
sub-04,0.049304000000006454,1.0
sub-04,0.004181999999900654,1.0
sub-04,0.004181999999900654,1.0
sub-04,0.19981300000017654,1.0
sub-04,0.19981300000017654,1.0
sub-04,0.035348000000112734,0.9990000000000236
sub-04,0.035348000000112734,0.9990000000000236
sub-04,0.014671000000134882,1.0
sub-04,0.014671000000134882,1.0
sub-04,0.07586300000002666,1.0
sub-04,0.07586300000002666,1.0
sub-05,0.10923599999999567,0.5210000000000008
sub-05,0.10923599999999567,0.5210000000000008
sub-05,0.055822000000006256,0.9960000000000093
sub-05,0.055822000000006256,0.9960000000000093
sub-05,0.0058849999999921465,1.0
sub-05,0.0058849999999921465,1.0
sub-05,0.07705899999999133,1.0009999999999906
sub-05,0.07705899999999133,1.0009999999999906
sub-05,0.0037090000000006285,0.9990000000000094
sub-05,0.0037090000000006285,0.9990000000000094
sub-05,0.05949699999999325,1.0009999999999906
sub-05,0.05949699999999325,1.0009999999999906
sub-05,0.08751600000005055,1.0
sub-05,0.08751600000005055,1.0
sub-05,0.016973000000007232,0.9990000000000236
sub-05,0.016973000000007232,0.9990000000000236
sub-05,0.05257700000004206,1.0
sub-05,0.05257700000004206,1.0
sub-05,0.05666099999996277,1.0
sub-05,0.05666099999996277,1.0
sub-05,0.05342900000005102,0.9980000000000473
sub-05,0.05342900000005102,0.9980000000000473
sub-05,0.13371599999993578,0.99899999999991
sub-05,0.13371599999993578,0.99899999999991
sub-05,0.10579200000006495,0.9990000000000236
sub-05,0.10579200000006495,0.9990000000000236
sub-05,0.02903100000003178,1.0
sub-05,0.02903100000003178,1.0
sub-05,0.009906000000000859,1.0009999999999764
sub-05,0.009906000000000859,1.0009999999999764
sub-06,0.11467400000000794,0.9950000000000045
sub-06,0.11467400000000794,0.9950000000000045
sub-06,0.0878230000000002,1.0
sub-06,0.0878230000000002,1.0
sub-06,0.010887999999994236,1.0
sub-06,0.010887999999994236,1.0
sub-06,0.07321199999999806,1.0
sub-06,0.07321199999999806,1.0
sub-06,0.004853999999994585,1.0
sub-06,0.004853999999994585,1.0
sub-06,0.053987000000006446,1.0
sub-06,0.053987000000006446,1.0
sub-06,0.0067940000000135115,1.0
sub-06,0.0067940000000135115,1.0
sub-06,0.09216000000003532,1.0
sub-06,0.09216000000003532,1.0
sub-06,0.05446800000004259,1.0
sub-06,0.05446800000004259,1.0
sub-06,0.1149719999999661,0.9950000000000045
sub-06,0.1149719999999661,0.9950000000000045
sub-06,0.008014000000002852,1.0
sub-06,0.008014000000002852,1.0
sub-06,0.026325999999926353,1.0
sub-06,0.026325999999926353,1.0
sub-06,0.001822999999944841,1.0
sub-06,0.001822999999944841,1.0
sub-06,0.08528499999999894,1.0
sub-06,0.08528499999999894,1.0
sub-06,0.06748600000014449,1.0
sub-06,0.06748600000014449,1.0
sub-06,0.022098000000141838,1.0
sub-06,0.022098000000141838,1.0
sub-06,0.007190000000036889,0.9990000000000236
sub-06,0.007190000000036889,0.9990000000000236
sub-06,0.03265499999997701,1.0
sub-06,0.03265499999997701,1.0
sub-07,0.063432,0.02
sub-07,0.063432,0.02
sub-07,0.020279000000002156,1.0050000000000026
sub-07,0.020279000000002156,1.0050000000000026
sub-07,0.10860899999999418,1.0
sub-07,0.10860899999999418,1.0
sub-07,0.06295199999999568,1.0
sub-07,0.06295199999999568,1.0
sub-07,0.0035229999999941697,1.0
sub-07,0.0035229999999941697,1.0
sub-07,0.07498700000000014,1.0
sub-07,0.07498700000000014,1.0
sub-07,0.06380799999999454,1.0
sub-07,0.06380799999999454,1.0
sub-07,0.12283400000001166,1.0
sub-07,0.12283400000001166,1.0
sub-07,0.04573200000004363,1.0
sub-07,0.04573200000004363,1.0
sub-07,0.12162100000000464,1.0
sub-07,0.12162100000000464,1.0
sub-07,0.028320000000007894,0.9950000000000045
sub-07,0.028320000000007894,0.9950000000000045
sub-07,0.08556699999996908,1.0009999999999764
sub-07,0.08556699999996908,1.0009999999999764
sub-07,0.017410000000040782,0.9990000000000236
sub-07,0.017410000000040782,0.9990000000000236
sub-07,0.11113799999998264,1.0
sub-07,0.11113799999998264,1.0
sub-07,0.009216000000037639,1.0
sub-07,0.009216000000037639,1.0
sub-07,0.056641000000013264,1.0
sub-07,0.056641000000013264,1.0
sub-07,0.02749000000005708,1.0
sub-07,0.02749000000005708,1.0
sub-07,0.08413000000007287,1.0
sub-07,0.08413000000007287,1.0
sub-07,0.025415000000066357,1.0
sub-07,0.025415000000066357,1.0
sub-08,0.06940099999999916,0.9950000000000045
sub-08,0.06940099999999916,0.9950000000000045
sub-08,0.01920299999999031,1.0
sub-08,0.01920299999999031,1.0
sub-08,0.09175299999999709,1.0
sub-08,0.09175299999999709,1.0
sub-08,0.03509499999999832,1.0
sub-08,0.03509499999999832,1.0
sub-08,0.13378099999999904,1.0009999999999906
sub-08,0.13378099999999904,1.0009999999999906
sub-08,0.011166000000002896,1.0
sub-08,0.011166000000002896,1.0
sub-08,0.08168799999998555,0.9980000000000473
sub-08,0.08168799999998555,0.9980000000000473
sub-08,0.2946869999999535,1.0009999999999764
sub-08,0.2946869999999535,1.0009999999999764
sub-08,0.22177299999998468,1.0
sub-08,0.22177299999998468,1.0
sub-08,0.11947199999997338,0.9969999999999573
sub-08,0.11947199999997338,0.9969999999999573
sub-08,0.01317000000005919,1.0
sub-08,0.01317000000005919,1.0
sub-08,0.01685599999996157,1.0
sub-08,0.01685599999996157,1.0
sub-08,0.014499999999998181,0.9990000000000236
sub-08,0.014499999999998181,0.9990000000000236
sub-08,0.20069100000000617,1.0009999999999764
sub-08,0.20069100000000617,1.0009999999999764
sub-08,0.08831099999997605,1.0
sub-08,0.08831099999997605,1.0
sub-08,0.05072699999982433,1.0
sub-08,0.05072699999982433,1.0
sub-08,0.12830299999995987,1.0
sub-08,0.12830299999995987,1.0
sub-08,0.05178899999987152,1.0
sub-08,0.05178899999987152,1.0
sub-09,0.073964,0.02
sub-09,0.073964,0.02
sub-09,0.045379999999994425,0.5209999999999937
sub-09,0.045379999999994425,0.5209999999999937
sub-09,0.07477199999999584,1.0019999999999953
sub-09,0.07477199999999584,1.0019999999999953
sub-09,0.06418899999999894,1.0
sub-09,0.06418899999999894,1.0
sub-09,0.007626999999999384,1.0
sub-09,0.007626999999999384,1.0
sub-09,0.07434000000000651,1.0
sub-09,0.07434000000000651,1.0
sub-09,0.0012460000000089622,1.0
sub-09,0.0012460000000089622,1.0
sub-09,0.14785300000005464,1.0
sub-09,0.14785300000005464,1.0
sub-09,0.03326700000002347,0.9990000000000236
sub-09,0.03326700000002347,0.9990000000000236
sub-09,0.02693299999998544,1.0009999999999764
sub-09,0.02693299999998544,1.0009999999999764
sub-09,0.004891000000043277,1.01400000000001
sub-09,0.004891000000043277,1.01400000000001
sub-09,0.03899899999998979,1.009999999999991
sub-09,0.03899899999998979,1.009999999999991
sub-09,0.024829000000067936,0.9990000000000236
sub-09,0.024829000000067936,0.9990000000000236
sub-09,0.06170600000007198,1.0
sub-09,0.06170600000007198,1.0
sub-09,0.04768500000000131,1.0
sub-09,0.04768500000000131,1.0
sub-09,0.1067639999999983,1.0009999999999764
sub-09,0.1067639999999983,1.0009999999999764
sub-10,0.08662,0.04
sub-10,0.08662,0.04
sub-10,0.0199089999999984,0.9979999999999905
sub-10,0.0199089999999984,0.9979999999999905
sub-10,0.0007560000000097489,1.0
sub-10,0.0007560000000097489,1.0
sub-10,0.05070500000000777,1.0
sub-10,0.05070500000000777,1.0
sub-10,0.020138000000002876,1.0
sub-10,0.020138000000002876,1.0
sub-10,0.07874600000000953,1.0010000000000048
sub-10,0.07874600000000953,1.0010000000000048
sub-10,0.01428699999996752,1.0
sub-10,0.01428699999996752,1.0
sub-10,0.0022389999999177235,0.99899999999991
sub-10,0.0022389999999177235,0.99899999999991
sub-10,0.014074000000050546,1.00100000000009
sub-10,0.014074000000050546,1.00100000000009
sub-10,0.04245800000001054,0.99899999999991
sub-10,0.04245800000001054,0.99899999999991
sub-10,0.00476000000003296,1.0009999999999764
sub-10,0.00476000000003296,1.0009999999999764
sub-10,0.043783000000075845,1.0
sub-10,0.043783000000075845,1.0
sub-10,0.0031940000000076907,1.0
sub-10,0.0031940000000076907,1.0
sub-10,0.022584000000051674,1.0
sub-10,0.022584000000051674,1.0
sub-10,0.12191500000005817,1.0
sub-10,0.12191500000005817,1.0
sub-10,0.012119999999868014,1.0
sub-10,0.012119999999868014,1.0
sub-10,0.05149800000003779,1.0
sub-10,0.05149800000003779,1.0
sub-10,0.02557699999988472,1.0
sub-10,0.02557699999988472,1.0
sub-10,0.04582899999991241,1.0
sub-10,0.04582899999991241,1.0
sub-11,0.024432999999998373,0.9980000000000011
sub-11,0.024432999999998373,0.9980000000000011
sub-11,0.07649299999999926,1.0
sub-11,0.07649299999999926,1.0
sub-11,0.009465999999999752,1.0
sub-11,0.009465999999999752,1.0
sub-11,0.1087639999999972,1.0009999999999977
sub-11,0.1087639999999972,1.0009999999999977
sub-11,0.01731099999999941,1.0
sub-11,0.01731099999999941,1.0
sub-11,0.01910700000007637,1.0
sub-11,0.01910700000007637,1.0
sub-11,0.060450000000059845,0.9990000000000236
sub-11,0.060450000000059845,0.9990000000000236
sub-11,0.004840000000058353,1.0
sub-11,0.004840000000058353,1.0
sub-11,0.014236999999980071,1.0
sub-11,0.014236999999980071,1.0
sub-11,0.024056999999970685,1.0089999999999009
sub-11,0.024056999999970685,1.0089999999999009
sub-11,0.04292600000007951,1.0
sub-11,0.04292600000007951,1.0
sub-11,0.11259200000006331,1.0
sub-11,0.11259200000006331,1.0
sub-11,0.04051200000003519,0.9990000000000236
sub-11,0.04051200000003519,0.9990000000000236
sub-11,0.1292439999999715,1.0009999999999764
sub-11,0.1292439999999715,1.0009999999999764
sub-11,0.12283700000000408,1.0
sub-11,0.12283700000000408,1.0
sub-11,0.08248900000000958,1.0009999999999764
sub-11,0.08248900000000958,1.0009999999999764
sub-11,0.0033680000000231303,0.9990000000000236
sub-11,0.0033680000000231303,0.9990000000000236
sub-11,0.08877200000006269,1.0
sub-11,0.08877200000006269,1.0
sub-12,0.08926099999999337,0.9950000000000045
sub-12,0.08926099999999337,0.9950000000000045
sub-12,0.018463999999994485,1.0
sub-12,0.018463999999994485,1.0
sub-12,0.0266990000000078,1.0
sub-12,0.0266990000000078,1.0
sub-12,0.05215599999999654,1.0
sub-12,0.05215599999999654,1.0
sub-12,0.005530999999990627,1.0
sub-12,0.005530999999990627,1.0
sub-12,0.047101999999995314,0.9990000000000236
sub-12,0.047101999999995314,0.9990000000000236
sub-12,0.1105009999999993,1.0
sub-12,0.1105009999999993,1.0
sub-12,0.0644399999999905,1.0
sub-12,0.0644399999999905,1.0
sub-12,0.08731699999998455,1.0
sub-12,0.08731699999998455,1.0
sub-12,0.08325000000002092,1.009999999999991
sub-12,0.08325000000002092,1.009999999999991
sub-12,0.032991000000038184,1.0
sub-12,0.032991000000038184,1.0
sub-12,0.11352499999998145,1.0
sub-12,0.11352499999998145,1.0
sub-12,0.04296399999998357,1.0
sub-12,0.04296399999998357,1.0
sub-12,0.002728000000047359,1.0
sub-12,0.002728000000047359,1.0
sub-13,0.07473499999999689,1.006999999999998
sub-13,0.07473499999999689,1.006999999999998
sub-13,0.031716000000002964,1.0
sub-13,0.031716000000002964,1.0
sub-13,0.10599799999999959,0.9990000000000023
sub-13,0.10599799999999959,0.9990000000000023
sub-13,0.000990999999999076,1.0009999999999977
sub-13,0.000990999999999076,1.0009999999999977
sub-13,0.053973999999996636,1.0
sub-13,0.053973999999996636,1.0
sub-13,0.0539489999999887,1.0
sub-13,0.0539489999999887,1.0
sub-13,0.06192300000009254,1.0
sub-13,0.06192300000009254,1.0
sub-13,0.09273300000006657,0.9990000000000236
sub-13,0.09273300000006657,0.9990000000000236
sub-13,0.03405499999996664,1.0
sub-13,0.03405499999996664,1.0
sub-13,0.011267999999972744,1.0089999999999009
sub-13,0.011267999999972744,1.0089999999999009
sub-13,0.009339000000068154,0.9990000000000236
sub-13,0.009339000000068154,0.9990000000000236
sub-13,0.008968999999979133,1.0
sub-13,0.008968999999979133,1.0
sub-13,0.05767500000001746,1.0
sub-13,0.05767500000001746,1.0
sub-13,0.017194000000017695,1.0
sub-13,0.017194000000017695,1.0
sub-13,0.014397000000030857,1.0
sub-13,0.014397000000030857,1.0
sub-13,0.04377800000008847,0.9990000000000236
sub-13,0.04377800000008847,0.9990000000000236
sub-13,0.002134000000069136,1.0
sub-13,0.002134000000069136,1.0
sub-13,0.01359500000000935,1.0
sub-13,0.01359500000000935,1.0
sub-14,0.10177499999999995,1.0039999999999978
sub-14,0.10177499999999995,1.0039999999999978
sub-14,0.00772399999999962,1.0
sub-14,0.00772399999999962,1.0
sub-14,0.12168000000000134,1.0000000000000036
sub-14,0.12168000000000134,1.0000000000000036
sub-14,0.05989599999999484,0.9989999999999952
sub-14,0.05989599999999484,0.9989999999999952
sub-14,0.005810000000003868,1.0010000000000048
sub-14,0.005810000000003868,1.0010000000000048
sub-14,0.005526999999915461,1.0
sub-14,0.005526999999915461,1.0
sub-14,0.08091100000001461,0.99899999999991
sub-14,0.08091100000001461,0.99899999999991
sub-14,0.017275000000040563,1.00100000000009
sub-14,0.017275000000040563,1.00100000000009
sub-14,0.07106999999996333,0.99899999999991
sub-14,0.07106999999996333,0.99899999999991
sub-14,0.1252719999999954,0.9969999999999573
sub-14,0.1252719999999954,0.9969999999999573
sub-14,0.0051339999999981956,0.9990000000000236
sub-14,0.0051339999999981956,0.9990000000000236
sub-14,0.1319300000000112,0.9990000000000236
sub-14,0.1319300000000112,0.9990000000000236
sub-14,0.06730599999991682,1.0
sub-14,0.06730599999991682,1.0
sub-14,0.0146389999999883,1.0009999999999764
sub-14,0.0146389999999883,1.0009999999999764
sub-14,0.02251699999999346,1.0
sub-14,0.02251699999999346,1.0
sub-14,0.011023000000022876,1.0
sub-14,0.011023000000022876,1.0
sub-14,0.03900799999996707,0.9990000000000236
sub-14,0.03900799999996707,0.9990000000000236
sub-14,0.01084200000002511,1.0
sub-14,0.01084200000002511,1.0
sub-15,0.04631600000000091,1.0020000000000024
sub-15,0.04631600000000091,1.0020000000000024
sub-15,0.0037279999999988434,1.0
sub-15,0.0037279999999988434,1.0
sub-15,0.0031689999999997553,0.9989999999999988
sub-15,0.0031689999999997553,0.9989999999999988
sub-15,0.10391599999999812,1.0
sub-15,0.10391599999999812,1.0
sub-15,0.03296100000000024,1.0010000000000012
sub-15,0.03296100000000024,1.0010000000000012
sub-15,0.017664999999965403,0.9990000000000236
sub-15,0.017664999999965403,0.9990000000000236
sub-15,0.054720999999972264,1.0019999999999527
sub-15,0.054720999999972264,1.0019999999999527
sub-15,0.06738300000006348,0.9990000000000236
sub-15,0.06738300000006348,0.9990000000000236
sub-15,0.005663000000026841,1.0
sub-15,0.005663000000026841,1.0
sub-15,0.04602299999999104,0.9950000000000045
sub-15,0.04602299999999104,0.9950000000000045
sub-15,0.027839999999969223,1.0009999999999764
sub-15,0.027839999999969223,1.0009999999999764
sub-15,0.026395999999976993,0.9979999999999336
sub-15,0.026395999999976993,0.9979999999999336
sub-15,0.09752000000003136,1.00100000000009
sub-15,0.09752000000003136,1.00100000000009
sub-15,0.08601399999997739,1.0
sub-15,0.08601399999997739,1.0
sub-15,0.02646300000003521,0.9990000000000236
sub-15,0.02646300000003521,0.9990000000000236
sub-15,0.09681499999999232,1.0
sub-15,0.09681499999999232,1.0
sub-15,0.015047999999978856,1.0
sub-15,0.015047999999978856,1.0
sub-15,0.010579000000007,1.0009999999999764
sub-15,0.010579000000007,1.0009999999999764
sub-16,0.104867,0.02
sub-16,0.104867,0.02
sub-16,0.11659699999999873,0.9969999999999999
sub-16,0.11659699999999873,0.9969999999999999
sub-16,0.0350959999999958,1.0
sub-16,0.0350959999999958,1.0
sub-16,0.07956699999999728,1.0
sub-16,0.07956699999999728,1.0
sub-16,0.07857099999999662,1.0
sub-16,0.07857099999999662,1.0
sub-16,0.028394000000005803,1.0010000000000048
sub-16,0.028394000000005803,1.0010000000000048
sub-16,0.12546799999995528,1.0
sub-16,0.12546799999995528,1.0
sub-16,0.07016699999996945,0.9990000000000236
sub-16,0.07016699999996945,0.9990000000000236
sub-16,0.0028379999999970096,1.0
sub-16,0.0028379999999970096,1.0
sub-16,0.06889100000000781,1.0
sub-16,0.06889100000000781,1.0
sub-16,0.027797999999961576,0.9969999999999573
sub-16,0.027797999999961576,0.9969999999999573
sub-16,0.013767000000029839,1.0
sub-16,0.013767000000029839,1.0
sub-16,0.04027699999994638,1.0
sub-16,0.04027699999994638,1.0
sub-16,0.012261999999964246,1.0
sub-16,0.012261999999964246,1.0
sub-16,0.09780100000000402,1.0009999999999764
sub-16,0.09780100000000402,1.0009999999999764
sub-17,0.01843200000000067,0.9740000000000002
sub-17,0.01843200000000067,0.9740000000000002
sub-17,0.20250400000000113,1.0
sub-17,0.20250400000000113,1.0
sub-17,0.5792999999999999,1.0
sub-17,0.5792999999999999,1.0
sub-17,0.1257860000000015,1.0
sub-17,0.1257860000000015,1.0
sub-17,0.028455000000001007,1.0
sub-17,0.028455000000001007,1.0
sub-17,0.012844000000086453,1.0
sub-17,0.012844000000086453,1.0
sub-17,0.06561500000009346,0.9990000000000236
sub-17,0.06561500000009346,0.9990000000000236
sub-17,0.0018420000000105574,1.0009999999999764
sub-17,0.0018420000000105574,1.0009999999999764
sub-17,0.08371299999998882,1.0
sub-17,0.08371299999998882,1.0
sub-17,0.05134499999996933,0.99899999999991
sub-17,0.05134499999996933,0.99899999999991
sub-17,0.007559000000014748,0.9990000000000236
sub-17,0.007559000000014748,0.9990000000000236
sub-17,0.07993399999998019,1.0
sub-17,0.07993399999998019,1.0
sub-17,0.031033999999976913,1.0
sub-17,0.031033999999976913,1.0
sub-17,0.07974500000000262,1.0009999999999764
sub-17,0.07974500000000262,1.0009999999999764
sub-17,0.009512000000086118,0.9990000000000236
sub-17,0.009512000000086118,0.9990000000000236
sub-17,0.06051899999999932,1.0009999999999764
sub-17,0.06051899999999932,1.0009999999999764
sub-17,0.04996100000005299,1.0
sub-17,0.04996100000005299,1.0
sub-17,0.0848390000001018,1.0
sub-17,0.0848390000001018,1.0
sub-18,0.060982000000002756,1.007000000000005
sub-18,0.060982000000002756,1.007000000000005
sub-18,0.17571799999999627,0.9989999999999952
sub-18,0.17571799999999627,0.9989999999999952
sub-18,0.21211100000000016,1.0010000000000048
sub-18,0.21211100000000016,1.0010000000000048
sub-18,0.029176999999997122,1.0
sub-18,0.029176999999997122,1.0
sub-18,0.0785759999999982,1.0
sub-18,0.0785759999999982,1.0
sub-18,0.1271750000000793,0.9990000000000236
sub-18,0.1271750000000793,0.9990000000000236
sub-18,0.0571149999999534,1.0
sub-18,0.0571149999999534,1.0
sub-18,0.030793000000016946,1.0
sub-18,0.030793000000016946,1.0
sub-18,0.06775300000003881,1.0
sub-18,0.06775300000003881,1.0
sub-18,0.070671999999945,0.99899999999991
sub-18,0.070671999999945,0.99899999999991
sub-18,0.014016000000083295,1.0
sub-18,0.014016000000083295,1.0
sub-18,0.003428999999982807,0.9990000000000236
sub-18,0.003428999999982807,0.9990000000000236
sub-18,0.13129000000003543,1.0
sub-18,0.13129000000003543,1.0
sub-18,0.013215000000059263,1.0009999999999764
sub-18,0.013215000000059263,1.0009999999999764
sub-18,0.10115600000005998,1.0
sub-18,0.10115600000005998,1.0
sub-18,0.03489400000000842,0.9990000000000236
sub-18,0.03489400000000842,0.9990000000000236
sub-18,0.06749899999999798,1.0009999999999764
sub-18,0.06749899999999798,1.0009999999999764
sub-18,0.051323000000024876,1.0
sub-18,0.051323000000024876,1.0
sub-19,0.219968,0.02
sub-19,0.219968,0.02
sub-19,0.012454000000001741,1.0070000000000014
sub-19,0.012454000000001741,1.0070000000000014
sub-19,0.01839000000000013,1.0
sub-19,0.01839000000000013,1.0
sub-19,0.01780300000000068,1.0
sub-19,0.01780300000000068,1.0
sub-19,0.07689099999999627,1.0009999999999977
sub-19,0.07689099999999627,1.0009999999999977
sub-19,0.011611000000002036,1.0
sub-19,0.011611000000002036,1.0
sub-19,0.0014800000000150249,1.0
sub-19,0.0014800000000150249,1.0
sub-19,0.049098000000071806,0.9990000000000236
sub-19,0.049098000000071806,0.9990000000000236
sub-19,0.01652400000000398,1.0
sub-19,0.01652400000000398,1.0
sub-19,0.003931999999963409,1.0
sub-19,0.003931999999963409,1.0
sub-19,0.02185399999996207,0.9970000000000709
sub-19,0.02185399999996207,0.9970000000000709
sub-19,0.10807899999997517,1.0
sub-19,0.10807899999997517,1.0
sub-19,0.0314739999998892,0.99899999999991
sub-19,0.0314739999998892,0.99899999999991
sub-19,0.022739999999998872,1.00100000000009
sub-19,0.022739999999998872,1.00100000000009
sub-19,0.05358099999989463,1.0
sub-19,0.05358099999989463,1.0
sub-19,0.11669900000003963,1.0149999999999864
sub-19,0.11669900000003963,1.0149999999999864
sub-19,0.03400299999998424,1.0
sub-19,0.03400299999998424,1.0
sub-19,0.10758499999997184,1.0
sub-19,0.10758499999997184,1.0
sub-19,0.06164899999998852,0.9850000000000136
sub-19,0.06164899999998852,0.9850000000000136
sub-20,0.020305000000007567,0.9759999999999991
sub-20,0.020305000000007567,0.9759999999999991
sub-20,0.04836300000000904,1.0
sub-20,0.04836300000000904,1.0
sub-20,0.06326500000000124,0.9989999999999952
sub-20,0.06326500000000124,0.9989999999999952
sub-20,0.023174000000011574,1.0
sub-20,0.023174000000011574,1.0
sub-20,0.08407000000001119,1.0
sub-20,0.08407000000001119,1.0
sub-20,0.07727299999999104,1.0
sub-20,0.07727299999999104,1.0
sub-20,0.005320999999980813,0.9980000000000473
sub-20,0.005320999999980813,0.9980000000000473
sub-20,0.06688999999994394,1.0
sub-20,0.06688999999994394,1.0
sub-20,0.07192899999995461,1.0
sub-20,0.07192899999995461,1.0
sub-20,0.15494999999998527,1.0119999999999436
sub-20,0.15494999999998527,1.0119999999999436
sub-20,0.06006999999999607,1.0
sub-20,0.06006999999999607,1.0
sub-20,0.13278300000001764,1.0
sub-20,0.13278300000001764,1.0
sub-20,0.03427499999997963,1.0
sub-20,0.03427499999997963,1.0
sub-20,0.04367600000000493,1.0
sub-20,0.04367600000000493,1.0
sub-20,0.08840500000007978,1.0
sub-20,0.08840500000007978,1.0
sub-20,0.030723000000079992,1.0
sub-20,0.030723000000079992,1.0
sub-20,0.09427200000004632,1.0
sub-20,0.09427200000004632,1.0
sub-20,0.03568700000005265,0.9990000000000236
sub-20,0.03568700000005265,0.9990000000000236
sub-21,0.02915000000000134,0.9969999999999999
sub-21,0.02915000000000134,0.9969999999999999
sub-21,0.09471099999998955,1.0
sub-21,0.09471099999998955,1.0
sub-21,0.02427999999999031,1.0
sub-21,0.02427999999999031,1.0
sub-21,0.08409699999999987,1.0009999999999906
sub-21,0.08409699999999987,1.0009999999999906
sub-21,0.027022000000002322,1.0
sub-21,0.027022000000002322,1.0
sub-21,0.025897999999983767,1.0
sub-21,0.025897999999983767,1.0
sub-21,0.025307999999995445,1.0
sub-21,0.025307999999995445,1.0
sub-21,0.028338999999959924,1.0
sub-21,0.028338999999959924,1.0
sub-21,0.10406599999998889,1.0
sub-21,0.10406599999998889,1.0
sub-21,0.03483399999993253,0.9969999999999573
sub-21,0.03483399999993253,0.9969999999999573
sub-21,0.13068299999997635,1.0
sub-21,0.13068299999997635,1.0
sub-21,0.006649000000038541,0.9990000000000236
sub-21,0.006649000000038541,0.9990000000000236
sub-21,0.03661799999997584,1.0
sub-21,0.03661799999997584,1.0
sub-21,0.007558000000017273,1.0149999999999864
sub-21,0.007558000000017273,1.0149999999999864
sub-21,0.03261200000008557,1.0
sub-21,0.03261200000008557,1.0
sub-21,0.14162199999998393,1.0
sub-21,0.14162199999998393,1.0
sub-21,0.027784999999994398,1.0
sub-21,0.027784999999994398,1.0
sub-21,0.025749000000018896,1.0
sub-21,0.025749000000018896,1.0
sub-22,0.06098300000000023,1.009999999999998
sub-22,0.06098300000000023,1.009999999999998
sub-22,0.054481000000002666,1.0
sub-22,0.054481000000002666,1.0
sub-22,0.045571999999999946,1.0
sub-22,0.045571999999999946,1.0
sub-22,0.02380200000000343,1.0
sub-22,0.02380200000000343,1.0
sub-22,0.14266500000000093,1.0010000000000048
sub-22,0.14266500000000093,1.0010000000000048
sub-22,0.07548800000006395,0.9990000000000236
sub-22,0.07548800000006395,0.9990000000000236
sub-22,0.04308200000002671,1.0
sub-22,0.04308200000002671,1.0
sub-22,0.04409700000007888,1.0009999999999764
sub-22,0.04409700000007888,1.0009999999999764
sub-22,0.04370700000004035,0.9990000000000236
sub-22,0.04370700000004035,0.9990000000000236
sub-22,0.022935999999958767,1.009999999999991
sub-22,0.022935999999958767,1.009999999999991
sub-22,0.04746099999999842,1.0
sub-22,0.04746099999999842,1.0
sub-22,0.026911000000040985,1.0
sub-22,0.026911000000040985,1.0
sub-22,0.1387969999999541,1.0
sub-22,0.1387969999999541,1.0
sub-22,0.07849499999997533,1.0009999999999764
sub-22,0.07849499999997533,1.0009999999999764
sub-22,0.07714399999997568,1.0009999999999764
sub-22,0.07714399999997568,1.0009999999999764
sub-22,0.03626600000006874,0.9990000000000236
sub-22,0.03626600000006874,0.9990000000000236
sub-22,0.06415100000003804,1.0
sub-22,0.06415100000003804,1.0
sub-22,0.0463160000000471,1.0
sub-22,0.0463160000000471,1.0
sub-23,0.11571200000000204,0.9959999999999951
sub-23,0.11571200000000204,0.9959999999999951
sub-23,0.06997599999999693,1.0010000000000048
sub-23,0.06997599999999693,1.0010000000000048
sub-23,0.04141899999999055,0.9989999999999952
sub-23,0.04141899999999055,0.9989999999999952
sub-23,0.010521999999994591,1.0
sub-23,0.010521999999994591,1.0
sub-23,0.057364000000006854,1.0010000000000048
sub-23,0.057364000000006854,1.0010000000000048
sub-23,0.08647300000006908,1.0
sub-23,0.08647300000006908,1.0
sub-23,0.01950699999997596,1.0
sub-23,0.01950699999997596,1.0
sub-23,0.08595500000001266,1.0
sub-23,0.08595500000001266,1.0
sub-23,0.00853400000005422,1.0
sub-23,0.00853400000005422,1.0
sub-23,0.11457400000006146,0.9959999999999809
sub-23,0.11457400000006146,0.9959999999999809
sub-23,0.12349700000004304,1.0
sub-23,0.12349700000004304,1.0
sub-23,0.07827200000008361,1.0
sub-23,0.07827200000008361,1.0
sub-23,0.12598400000001675,1.0
sub-23,0.12598400000001675,1.0
sub-23,0.058215000000018335,1.0
sub-23,0.058215000000018335,1.0
sub-23,0.010449999999991633,1.0
sub-23,0.010449999999991633,1.0
sub-23,0.09030700000016623,0.9990000000000236
sub-23,0.09030700000016623,0.9990000000000236
sub-23,0.07018700000003264,1.0
sub-23,0.07018700000003264,1.0
sub-23,0.007272999999941021,1.0
sub-23,0.007272999999941021,1.0
