subject,blink_rate,alpha_power
sub-01,4.0406761398073945,7.848008441717447e-06
sub-01,59.70149253731328,6.245401511699587e-06
sub-01,0.0,9.828476391196842e-06
sub-01,0.0,8.868757683475064e-06
sub-01,0.0,4.838678910505236e-06
sub-01,18.017116260447423,9.640908834636752e-06
sub-01,3.0004500675101267,8.891231014429781e-06
sub-01,3.0004500675101267,9.25624203391349e-06
sub-01,0.0,7.643766154610911e-06
sub-01,3.0004500675101284,8.484074733177534e-06
sub-01,15.002250337550624,9.108552948185845e-06
sub-01,9.001350202530386,1.0954861239053613e-05
sub-01,12.00120012001199,1.0363846680679112e-05
sub-01,0.0,7.987338439873555e-06
sub-01,0.0,8.875796000190574e-06
sub-01,3.0004500675101284,9.992984679740197e-06
sub-01,12.001200120012008,8.533609938829218e-06
sub-01,0.0,7.309217370706648e-06
sub-01,3.000300030003002,7.502997848280758e-06
sub-01,0.0,9.853881386975037e-06
sub-01,6.000300015000743,8.447775017514062e-06
sub-01,0.0,8.799070512073778e-06
sub-01,0.0,8.936961017091801e-06
sub-01,3.0004500675101244,1.0499607367816904e-05
sub-01,3.0004500675101244,1.0475597187190097e-05
sub-01,3.000300030003002,8.68538825682112e-06
sub-01,6.000900135020249,7.232173331865114e-06
sub-01,3.000300030003002,6.845374326984647e-06
sub-01,0.0,7.2828565797814975e-06
sub-01,6.000900135020267,9.087380932719645e-06
sub-01,3.0004500675101156,8.925226716349679e-06
sub-01,0.0,7.930388928683613e-06
sub-01,3.000600120024008,7.358839909899159e-06
sub-01,3.0001500075003715,7.980108631540219e-06
sub-01,42.86530767765292,8.730014086974977e-06
sub-01,0.0,6.482741688543559e-06
sub-01,0.0,8.254372132735941e-06
sub-01,0.0,1.0615116627553297e-05
sub-01,50.055617352613964,4.9308289556151225e-06
sub-01,0.0,6.030772743532561e-06
sub-01,120.0,6.748357990712203e-06
sub-01,0.0,4.860827796870617e-06
sub-01,0.0,1.068527922449469e-05
sub-01,39.03708523096943,6.331213635698862e-06
sub-01,51.00510051005089,8.991511925862369e-06
sub-01,33.00495074261146,9.26797694270475e-06
sub-01,48.009601920383844,8.730241036198824e-06
sub-01,66.00660066006623,9.886375579004005e-06
sub-01,39.00585087763173,7.929912288741378e-06
sub-01,48.0048004800479,6.66295074212005e-06
sub-01,63.01260252050417,7.016141464163358e-06
sub-01,60.00600060005987,7.639597277396318e-06
sub-01,51.00765114767226,8.573436679379689e-06
sub-01,60.00600060005987,8.721319866641151e-06
sub-01,60.00900135020266,8.601590694579678e-06
sub-01,63.00945141771243,7.805368837481479e-06
sub-01,21.002100210021073,8.042648904049353e-06
sub-01,20.003810249571362,8.164059046989691e-06
sub-01,0.0,3.175311954860307e-06
sub-01,0.0,5.403014734861934e-06
sub-01,0.0,4.357612125877543e-06
sub-02,3.1464268390209367,3.8638194407348345e-06
sub-02,0.0,4.6650172438460625e-06
sub-02,0.0,3.3873249435510967e-06
sub-02,0.0,3.8664371686507645e-06
sub-02,0.0,4.137627476051721e-06
sub-02,120.0,3.5173755174903664e-06
sub-02,3.002852710074572,4.1707344055260565e-06
sub-02,0.0,3.711010199163515e-06
sub-02,3.0004500675101244,3.3944846553363557e-06
sub-02,3.0004500675101244,3.912372906063393e-06
sub-02,3.000300030003002,3.941292723075327e-06
sub-02,0.0,3.6922341566677498e-06
sub-02,9.0013502025304,4.156250341200198e-06
sub-02,0.0,4.071497438988034e-06
sub-02,9.0013502025304,3.6562886444079454e-06
sub-02,3.0004500675101244,4.4369407973133415e-06
sub-02,18.002700405060747,5.310493774277853e-06
sub-02,18.002700405060747,5.22651578750205e-06
sub-02,9.0013502025304,4.760901915979633e-06
sub-02,6.000600060006004,4.666984760830844e-06
sub-02,9.00090009000898,4.070866502648293e-06
sub-02,0.0,3.6434042925226795e-06
sub-02,6.000900135020267,3.998589362633435e-06
sub-02,6.000300015000743,3.839602370601186e-06
sub-02,9.001800360072023,4.465225165346194e-06
sub-02,12.001200120011974,4.009692038982451e-06
sub-02,18.003600720144046,3.873449696807081e-06
sub-02,0.0,4.641880034889977e-06
sub-02,21.002100210021073,3.809706811885166e-06
sub-02,9.001800360072023,3.894753506156605e-06
sub-02,9.000450022501115,3.963129776925948e-06
sub-02,6.001200240048016,3.972612790372851e-06
sub-02,6.000900135020231,3.8342173807372545e-06
sub-02,12.001800270040533,3.9454998413127385e-06
sub-02,6.000600060005987,4.166003169309735e-06
sub-02,31.43306186598092,4.341444308443957e-06
sub-02,0.0,4.955575251652793e-06
sub-02,0.0,6.115113379578784e-06
sub-02,49.953168904152456,4.528993758799484e-06
sub-02,60.0,3.355492337610943e-06
sub-02,0.0,3.7721780239761518e-06
sub-02,60.0,5.30997243429357e-06
sub-02,0.0,7.316010779396983e-06
sub-02,27.00405060759104,6.087378404927429e-06
sub-02,24.002400240024084,5.416867190222154e-06
sub-02,18.003600720143943,6.488747310800093e-06
sub-02,12.001800270040533,5.5595139027900705e-06
sub-02,6.000600060006021,4.940730818596536e-06
sub-02,21.00315047257081,5.08033572568482e-06
sub-02,6.000600060006021,4.460718192077044e-06
sub-02,3.0006001200239902,6.042064452992091e-06
sub-02,9.000900090009031,6.347119027935064e-06
sub-02,33.00495074261127,6.374287148700354e-06
sub-02,15.00225033755075,5.181543032614892e-06
sub-02,15.002250337550578,5.233277574209989e-06
sub-02,3.0003000300029936,6.159664470541679e-06
sub-02,30.006001200239904,6.783721937240878e-06
sub-02,8.572244975712046,5.666785450015941e-06
sub-02,60.0,4.128570171689116e-06
sub-02,0.0,4.657571432309074e-06
sub-02,0.0,4.089054249780015e-06
sub-03,29.323036080608183,1.1358725603101377e-05
sub-03,0.0,4.337233849721544e-06
sub-03,0.0,5.999207690311258e-06
sub-03,0.0,6.054702567040334e-06
sub-03,24.022821680596536,5.165978348362112e-06
sub-03,30.004500675101287,6.5464203305087995e-06
sub-03,27.00405060759112,5.7508163038083265e-06
sub-03,21.0031504725709,5.312501641267808e-06
sub-03,21.003150472570873,5.915463179844262e-06
sub-03,12.001200120012008,6.919227626183739e-06
sub-03,18.002700405060747,6.94137539255241e-06
sub-03,21.003150472570933,5.915230698354502e-06
sub-03,27.002700270026942,6.29226212256842e-06
sub-03,18.0027004050608,5.8880510748884535e-06
sub-03,27.00405060759112,5.666029506974544e-06
sub-03,21.003150472570873,5.901118137052105e-06
sub-03,12.001800270040498,6.0824820374760805e-06
sub-03,12.001800270040533,6.6795754475379065e-06
sub-03,12.001200120011974,6.491467486713805e-06
sub-03,24.002400240024016,7.232907317056243e-06
sub-03,12.001800270040533,6.277011542092656e-06
sub-03,9.001350202530347,5.506489000873984e-06
sub-03,15.001500150015053,6.475636992895884e-06
sub-03,18.003600720144046,7.203530885401489e-06
sub-03,21.002100210020956,8.534546737334195e-06
sub-03,15.003000600120039,6.543361677991853e-06
sub-03,18.00180018001796,9.586611809984313e-06
sub-03,15.002250337550665,6.736657238471446e-06
sub-03,15.001500150014968,8.446993707066727e-06
sub-03,12.002400480096032,1.0554090871032591e-05
sub-03,81.00405020251003,6.44789836882813e-06
sub-03,72.01440288057618,5.989790865123292e-06
sub-03,90.01350202530399,6.8588825168475956e-06
sub-03,40.00571510215731,6.947812531771157e-06
sub-03,60.0,5.947875575909816e-06
sub-03,60.0,4.845612077814745e-06
sub-03,0.0,6.123446053230587e-06
sub-03,60.0,6.036670551998306e-06
sub-03,67.26736702238102,2.8229733792819232e-05
sub-03,60.0,2.4089331921884156e-05
sub-03,0.0,2.6565842917663586e-05
sub-03,60.0,9.278882730885219e-06
sub-03,0.0,1.2100592087401405e-05
sub-03,39.0078015603121,1.1233967353784448e-05
sub-03,24.00240024002395,3.0458680223429835e-05
sub-03,48.00720108016213,3.8431880271422444e-05
sub-03,60.00600060005987,6.21177993698199e-05
sub-03,33.00495074261146,3.252662843422496e-05
sub-03,42.008401680336114,5.27339715728281e-05
sub-03,63.00630063006286,5.371159905707664e-05
sub-03,54.0081012151824,1.2361067759001032e-05
sub-03,39.003900390038915,8.487549832835747e-06
sub-03,42.00630094514187,6.857991177927896e-06
sub-03,30.004500675101156,6.6827461217210464e-06
sub-03,24.003600540080924,7.25878929746172e-06
sub-03,0.0,6.423505490148398e-06
sub-03,0.0,5.5735860017426165e-06
sub-03,0.0,6.223002744266312e-06
sub-03,0.0,7.369106418074357e-06
sub-03,0.0,1.4995361290043055e-05
sub-03,0.0,2.1707749925207088e-05
sub-04,14.160724219895817,6.230223836099208e-06
sub-04,59.46481665014865,4.494523118606071e-06
sub-04,60.0,3.6228830362706757e-06
sub-04,0.0,4.460052784131534e-06
sub-04,0.0,1.1321596544008604e-05
sub-04,15.013512160944861,8.146985819303857e-06
sub-04,24.003600540080996,8.284354189576987e-06
sub-04,12.001800270040498,6.37190910326723e-06
sub-04,18.00270040506077,6.205896654391722e-06
sub-04,27.002700270027017,7.182360112637432e-06
sub-04,33.00495074261137,7.548581567768649e-06
sub-04,27.002700270026978,6.144809894835341e-06
sub-04,27.0040506075912,7.065967869411933e-06
sub-04,27.00405060759112,6.503211634056236e-06
sub-04,24.003600540080996,8.263691441905629e-06
sub-04,27.00540108021607,6.475380911525179e-06
sub-04,21.002100210021013,6.257685860033169e-06
sub-04,21.002100210020956,6.558152606030459e-06
sub-04,21.003150472570933,7.447211323128346e-06
sub-04,33.00495074261137,7.718268647917347e-06
sub-04,24.003600540080996,6.013398091054063e-06
sub-04,21.002100210021013,7.050524657839861e-06
sub-04,18.002700405060747,8.560816542298399e-06
sub-04,24.003600540081067,5.613874152738845e-06
sub-04,24.003600540080924,6.779079952458668e-06
sub-04,27.002700270027095,7.530602005006327e-06
sub-04,21.00315047257081,6.111334979243114e-06
sub-04,21.003150472570933,6.517370437695187e-06
sub-04,27.0040506075912,6.819415202306235e-06
sub-04,18.002700405060693,6.542243674076088e-06
sub-04,33.00330033003311,6.127543638927298e-06
sub-04,15.003000600120039,7.22825480212263e-06
sub-04,36.00360036003592,6.537692322244147e-06
sub-04,15.002250337550665,5.611645130733332e-06
sub-04,25.7179597085297,6.748317868352331e-06
sub-04,60.0,4.5217221025428255e-06
sub-04,0.0,4.6828728324287564e-06
sub-04,0.0,4.010244599927714e-06
sub-04,26.089225150013064,5.839871713587999e-06
sub-04,0.0,8.37358220603727e-06
sub-04,0.0,5.753463292216902e-06
sub-04,0.0,6.321197482562456e-06
sub-04,0.0,1.0491043490473675e-05
sub-04,0.0,1.2106568899058176e-05
sub-04,9.008558130223715,6.615439940573456e-06
sub-04,27.0040506075912,8.691301275913383e-06
sub-04,12.001200120011974,1.1522570171309388e-05
sub-04,15.002250337550665,6.927608064427931e-06
sub-04,9.0013502025304,7.893765018976404e-06
sub-04,18.00180018001796,6.597391987738221e-06
sub-04,36.0054008101216,7.97055691034597e-06
sub-04,24.00240024002395,7.724802408724083e-06
sub-04,9.0013502025304,1.0236791721290636e-05
sub-04,9.001350202530347,7.72035538842186e-06
sub-04,15.002250337550578,8.455286250373141e-06
sub-04,12.0018002700406,7.909167156605277e-06
sub-04,21.002100210020956,8.232344825096845e-06
sub-04,6.000900135020231,6.390634224919473e-06
sub-04,17.145306472353322,6.135643617230449e-06
sub-04,0.0,6.687233588597447e-06
sub-04,60.0,4.593372312180179e-06
sub-04,60.0,4.245107571099888e-06
sub-05,4.762723748792781,3.0858281453532022e-06
sub-05,0.0,3.0984801296674157e-06
sub-05,0.0,2.6503588980327127e-06
sub-05,0.0,3.194749586880361e-06
sub-05,0.0,3.5871337831963e-06
sub-05,3.0006001200240036,3.093179002260185e-06
sub-05,0.0,3.120835902489897e-06
sub-05,3.0004500675101244,2.9664662326455024e-06
sub-05,3.0004500675101284,3.009723956772919e-06
sub-05,3.0004500675101244,3.136653942441358e-06
sub-05,0.0,2.8234871322610577e-06
sub-05,0.0,2.7480228465400215e-06
sub-05,0.0,3.0123733151776927e-06
sub-05,6.000900135020267,2.829703021646787e-06
sub-05,0.0,3.1205988860438435e-06
sub-05,6.000900135020249,2.9385194760455617e-06
sub-05,0.0,3.074437638891373e-06
sub-05,0.0,3.1837799476750418e-06
sub-05,3.0004500675101333,3.0704105039898867e-06
sub-05,0.0,3.2157805599524293e-06
sub-05,3.000300030003002,3.1140433333405404e-06
sub-05,0.0,3.116015762755322e-06
sub-05,3.000300030003002,3.183841457402713e-06
sub-05,3.0,2.7138949502886206e-06
sub-05,3.0009002700810283,3.1317295934679257e-06
sub-05,9.001350202530347,3.0771567131053632e-06
sub-05,0.0,2.927488195144805e-06
sub-05,6.000600060006021,3.0446043721756672e-06
sub-05,3.0003000300029936,3.031567146759979e-06
sub-05,0.0,3.14569694136016e-06
sub-05,3.0003000300029936,3.0611112876472126e-06
sub-05,3.0004500675101333,3.1834267951911633e-06
sub-05,12.001800270040462,3.4268514942506165e-06
sub-05,6.000900135020267,3.166393162548352e-06
sub-05,0.0,3.179254516844356e-06
sub-05,0.0,3.819091323754118e-06
sub-05,0.0,4.409132960196198e-06
sub-05,0.0,4.636053225968297e-06
sub-05,5.88119976475201,3.068346393136129e-06
sub-05,0.0,4.088260642599577e-06
sub-05,0.0,2.2228367264487815e-06
sub-05,0.0,3.0065815620780676e-06
sub-05,0.0,3.304769962033592e-06
sub-05,9.001350202530347,3.7585347584828903e-06
sub-05,9.000900090009031,3.6692623703194295e-06
sub-05,3.0004500675101156,3.879138696440566e-06
sub-05,0.0,3.6802846325386904e-06
sub-05,0.0,3.678955015042217e-06
sub-05,3.0004500675101156,4.0126150546942436e-06
sub-05,3.0004500675101333,3.8647983153541705e-06
sub-05,3.0003000300029936,3.973592150676653e-06
sub-05,12.001800270040533,3.829672780487261e-06
sub-05,15.002250337550665,5.31671177785265e-06
sub-05,3.0004500675101156,4.28652689915956e-06
sub-05,0.0,4.310079737978485e-06
sub-05,0.0,3.996324373868536e-06
sub-05,0.0,3.7671530341579257e-06
sub-05,0.0,3.6873506133409824e-06
sub-05,0.0,3.5008335682658775e-06
sub-05,0.0,3.697635167399544e-06
sub-06,5.04225220598534,4.357144420550282e-06
sub-06,0.0,4.557474824915562e-06
sub-06,0.0,3.955106041600382e-06
sub-06,0.0,4.65217501237084e-06
sub-06,0.0,3.841533219762746e-06
sub-06,3.000300030003002,4.453592038312925e-06
sub-06,0.0,4.123459715014806e-06
sub-06,3.0004500675101284,3.983009648539151e-06
sub-06,0.0,4.327964699120471e-06
sub-06,3.0004500675101284,4.725581342034738e-06
sub-06,0.0,4.2283181697051846e-06
sub-06,3.000300030003002,4.426022136306717e-06
sub-06,0.0,4.026687947640852e-06
sub-06,3.0004500675101244,3.9039160308032514e-06
sub-06,3.000300030003002,4.113169703111494e-06
sub-06,0.0,8.709493164622835e-06
sub-06,0.0,7.604347464986557e-06
sub-06,3.0004500675101333,4.387865406195112e-06
sub-06,6.000600060005987,4.162976866409527e-06
sub-06,3.0004500675101333,3.5386828825159003e-06
sub-06,6.000900135020249,3.5789329526647843e-06
sub-06,6.000600060006004,3.1844705034849742e-06
sub-06,9.001800360071996,3.5661035431866385e-06
sub-06,3.000300030003002,3.349539021398735e-06
sub-06,3.0004500675101333,3.347203921246994e-06
sub-06,3.0003000300029936,3.3880612514948552e-06
sub-06,6.001200240048016,3.2564387350569967e-06
sub-06,6.000600060005987,3.5557450810662296e-06
sub-06,9.0013502025304,3.0357387735285997e-06
sub-06,3.0003000300029936,3.054718823721764e-06
sub-06,3.000600120024008,3.0919149992039404e-06
sub-06,3.0003000300030105,3.654417514632005e-06
sub-06,6.000900135020231,3.4722014927022927e-06
sub-06,3.0004500675101333,3.3612761800435132e-06
sub-06,2.857551078725538,3.52722020107998e-06
sub-06,0.0,3.3451558577532957e-06
sub-06,0.0,5.667571107018964e-06
sub-06,0.0,2.9331518135619138e-06
sub-06,0.0,2.987059356133651e-06
sub-06,0.0,3.91731959479531e-06
sub-06,0.0,4.713451866041944e-06
sub-06,0.0,5.633708386916278e-06
sub-06,0.0,3.7543861962979742e-06
sub-06,0.0,4.002298135163722e-06
sub-06,3.0004500675101333,3.316252838232348e-06
sub-06,3.0004500675101333,3.2774026074143126e-06
sub-06,3.0004500675101156,3.331302501002703e-06
sub-06,9.0013502025304,3.073764734592051e-06
sub-06,3.0003000300029936,4.010545344186747e-06
sub-06,9.0013502025304,4.127154643333439e-06
sub-06,9.001350202530347,4.258637675997209e-06
sub-06,6.000600060006021,3.2868424073983657e-06
sub-06,15.002250337550578,4.393647736925781e-06
sub-06,15.002250337550665,4.191961094856144e-06
sub-06,9.0013502025304,3.815943828479622e-06
sub-06,15.002250337550578,4.525599332890899e-06
sub-06,6.000600060006021,3.6569317360883625e-06
sub-06,3.0004500675101156,3.874753434143186e-06
sub-06,5.715102157451107,4.21414358892646e-06
sub-06,60.0,3.297197300967246e-06
sub-06,0.0,3.0167605794140626e-06
sub-06,0.0,4.295704580584585e-06
sub-07,1.3852973771702992,4.6753903677368836e-06
sub-07,0.0,4.177638356785416e-06
sub-07,0.0,3.1518988938372755e-06
sub-07,0.0,2.84989039416461e-06
sub-07,0.0,3.7691831325501556e-06
sub-07,0.0,4.455883541185625e-06
sub-07,3.002852710074572,4.710143287041522e-06
sub-07,3.0004500675101267,4.772602306003416e-06
sub-07,3.0004500675101267,4.908022555442983e-06
sub-07,3.0003000300029994,4.3572997966972905e-06
sub-07,9.00180036007201,4.340834711489292e-06
sub-07,0.0,4.413700510311545e-06
sub-07,9.000900090009006,4.222752333519417e-06
sub-07,9.00180036007201,3.98359420564957e-06
sub-07,0.0,4.289534939731063e-06
sub-07,9.000900090008992,4.600685603709983e-06
sub-07,3.0004500675101244,4.1363657724720996e-06
sub-07,6.000900135020267,3.818322976514932e-06
sub-07,3.0004500675101244,4.123320820142225e-06
sub-07,6.000600060006004,4.231307324971872e-06
sub-07,15.002250337550624,4.435286982630391e-06
sub-07,6.000900135020249,4.267486391486144e-06
sub-07,0.0,4.250573394567575e-06
sub-07,3.000300030003002,3.8994888769723536e-06
sub-07,0.0,4.4512115477395075e-06
sub-07,6.000900135020249,3.875351590046159e-06
sub-07,3.0004500675101244,4.129471919783296e-06
sub-07,3.000300030003002,3.70140868972263e-06
sub-07,3.0004500675101244,4.04250323045061e-06
sub-07,0.0,3.934667444088055e-06
sub-07,6.000600060006021,4.127238444395971e-06
sub-07,6.000900135020231,4.354967926227949e-06
sub-07,9.000900090009031,4.077342850802891e-06
sub-07,0.0,4.043941913711011e-06
sub-07,0.0,3.761561811851695e-06
sub-07,0.0,4.3709865981015695e-06
sub-07,0.0,3.4213809261453234e-06
sub-07,0.0,4.285521532792387e-06
sub-07,0.0,4.699878490197981e-06
sub-07,0.0,3.887604909261286e-06
sub-07,12.916188289322585,4.5557100943069375e-06
sub-07,0.0,4.7433842833460655e-06
sub-07,0.0,7.347107027653383e-06
sub-07,0.0,5.2823518093690646e-06
sub-07,27.0040506075912,5.320337604847938e-06
sub-07,45.0045004500449,5.753647176335655e-06
sub-07,54.01080216043214,5.226791132766616e-06
sub-07,39.003900390038915,4.801789026753827e-06
sub-07,27.0040506075912,5.486557927399856e-06
sub-07,9.0013502025304,4.577312757683923e-06
sub-07,6.000600060005987,4.469353890977602e-06
sub-07,6.000900135020267,5.3927932776804795e-06
sub-07,21.00315047257081,4.881301873088842e-06
sub-07,24.003600540081067,4.869791808798609e-06
sub-07,45.006751012651996,5.202285793608213e-06
sub-07,33.00330033003293,5.281718157125623e-06
sub-07,39.00585087763173,5.414821146534213e-06
sub-07,33.00495074261127,4.961005884430939e-06
sub-07,34.29061294470646,6.633653574033808e-06
sub-07,0.0,4.746421377223008e-06
sub-07,0.0,4.452469595806522e-06
sub-07,0.0,4.722982621780126e-06
sub-07,0.0,5.178249832161959e-06
sub-08,4.958472790380563,4.977244630609148e-06
sub-08,0.0,5.254780420319173e-06
sub-08,60.0,5.615069249221297e-06
sub-08,0.0,5.656172836570041e-06
sub-08,0.0,4.943918883034525e-06
sub-08,9.00180036007201,5.380229431732535e-06
sub-08,3.0004500675101267,5.269208592909454e-06
sub-08,3.000300030003002,5.072141866025447e-06
sub-08,3.0006001200240036,5.333589305055323e-06
sub-08,3.000300030003002,5.6898130870499655e-06
sub-08,0.0,5.113973098700754e-06
sub-08,15.00150015001501,5.395953888166946e-06
sub-08,6.000900135020257,5.1912328969611345e-06
sub-08,6.000900135020249,5.045236916609844e-06
sub-08,12.001800270040498,4.982392505730639e-06
sub-08,0.0,5.568634986128182e-06
sub-08,0.0,5.2921007786102514e-06
sub-08,0.0,5.286800242973873e-06
sub-08,0.0,5.643886228979149e-06
sub-08,0.0,4.97732173229047e-06
sub-08,6.000900135020249,5.453377400763141e-06
sub-08,12.001800270040498,5.496880543296458e-06
sub-08,0.0,5.310037622973165e-06
sub-08,6.000600060006004,5.788083929754974e-06
sub-08,0.0,5.368754688680684e-06
sub-08,9.0013502025304,4.98417020816142e-06
sub-08,9.001350202530347,5.218342946094649e-06
sub-08,3.0004500675101333,5.179355275399352e-06
sub-08,3.0004500675101333,4.89364818909983e-06
sub-08,0.0,5.3763748531064475e-06
sub-08,0.0,5.356454597769108e-06
sub-08,15.003000600119952,5.236481526368936e-06
sub-08,3.0004500675101333,5.3586613806186705e-06
sub-08,15.002250337550665,4.9594151158899294e-06
sub-08,5.714829983807968,5.478979835359709e-06
sub-08,0.0,6.492032330857934e-06
sub-08,0.0,4.538062755277737e-06
sub-08,0.0,4.8492672383373e-06
sub-08,22.27750343444845,6.425552646140097e-06
sub-08,0.0,5.023325427447095e-06
sub-08,0.0,5.953095868076265e-06
sub-08,0.0,6.398649485141933e-06
sub-08,30.006001200240078,5.992921481400181e-06
sub-08,18.00180018001796,6.18273260081654e-06
sub-08,0.0,5.518913285715835e-06
sub-08,3.0003000300029936,5.705629008734069e-06
sub-08,6.001200240048016,4.975449349675163e-06
sub-08,3.0004500675101333,4.9823564549272e-06
sub-08,0.0,4.890856367718449e-06
sub-08,0.0,5.717068990011272e-06
sub-08,6.0012002400479805,4.666244481345758e-06
sub-08,0.0,5.29814546086771e-06
sub-08,15.002250337550578,5.750771616910989e-06
sub-08,9.000900090009031,5.1547433905386325e-06
sub-08,3.0004500675101333,6.116581040378353e-06
sub-08,12.001800270040462,6.450151460578921e-06
sub-08,2.8575510787255225,5.45662549467191e-06
sub-08,0.0,4.346131713598841e-06
sub-08,0.0,4.385196822813611e-06
sub-08,0.0,5.427021115782771e-06
sub-08,0.0,6.249966408497356e-06
sub-09,1.1443175099650984,3.0853691786839735e-06
sub-09,2.3746388570071635,3.089680435377778e-06
sub-09,0.0,2.4813668092987454e-06
sub-09,0.0,2.6394467504345983e-06
sub-09,0.0,2.6201995214150103e-06
sub-09,0.0,2.50107068088544e-06
sub-09,60.0,2.6039479468521226e-06
sub-09,3.0028527100745697,2.8490766136212785e-06
sub-09,9.00135020253038,3.094181592268148e-06
sub-09,3.0004500675101284,2.9573702824468093e-06
sub-09,3.0003000300029976,3.0692404171922957e-06
sub-09,12.001800270040514,3.0638429195673123e-06
sub-09,3.0006001200240036,3.6602875297035984e-06
sub-09,3.000300030003002,4.197961709010802e-06
sub-09,3.0004500675101244,4.194956391970393e-06
sub-09,3.0004500675101244,3.3725645246258923e-06
sub-09,0.0,3.399496285557985e-06
sub-09,3.0004500675101244,2.9367790283920748e-06
sub-09,6.000600060006004,3.0482747295847206e-06
sub-09,3.0004500675101333,3.30709445508659e-06
sub-09,3.0004500675101244,2.92313963080893e-06
sub-09,3.0004500675101244,2.9010507576960612e-06
sub-09,3.0004500675101244,3.216983194588186e-06
sub-09,9.000900090009006,3.4164217558186174e-06
sub-09,6.000900135020249,3.243538842987023e-06
sub-09,9.0013502025304,2.785221194488546e-06
sub-09,3.0004500675101244,2.7349185716720363e-06
sub-09,6.001200240048016,2.8476770448022325e-06
sub-09,9.00045002250109,2.9888730234009455e-06
sub-09,3.002401921537241,2.8083905674380404e-06
sub-09,6.002100735257324,2.951111738351796e-06
sub-09,3.0003000300030105,3.508549924620673e-06
sub-09,3.0004500675101156,3.466647179483253e-06
sub-09,3.0004500675101333,3.028887940977005e-06
sub-09,3.0004500675101333,3.221850443630512e-06
sub-09,3.0003000300029936,3.354119304504414e-06
sub-09,2.857687178510195,4.8711014072922e-06
sub-09,0.0,4.085272715707148e-06
sub-09,59.94005994006135,4.493557122903349e-06
sub-09,0.0,4.05358992199222e-06
sub-09,27.20163209792594,4.865903381655957e-06
sub-09,0.0,4.467811656312691e-06
sub-09,60.0,4.040357596804774e-06
sub-09,0.0,4.2441221717056104e-06
sub-09,0.0,4.613127983110986e-06
sub-09,12.011410840298288,4.112113076122867e-06
sub-09,15.003000600119952,3.96762877444571e-06
sub-09,6.000300015000778,3.706860261581924e-06
sub-09,33.00495074261127,3.45905840797276e-06
sub-09,12.001800270040533,3.505130174095139e-06
sub-09,21.00315047257081,3.59926485927601e-06
sub-09,18.0027004050608,3.7630597799778245e-06
sub-09,9.000900090009031,3.9596199498378515e-06
sub-09,15.003000600119952,3.7025543242570413e-06
sub-09,9.000900090009031,4.070896495718186e-06
sub-09,33.00330033003293,4.22578651793878e-06
sub-09,36.0054008101216,3.599429005503843e-06
sub-09,39.0058508776315,8.607722609745277e-06
sub-09,18.0027004050608,6.590202971801424e-06
sub-09,20.00285755107877,3.726785531175758e-06
sub-09,0.0,4.3425885052743005e-06
sub-09,0.0,3.5886869381260934e-06
sub-09,0.0,2.468963875713182e-06
sub-10,50.22461564217752,3.391064095536149e-06
sub-10,60.0,2.8860238809983154e-06
sub-10,0.0,3.5704790246690596e-06
sub-10,0.0,3.504308796283513e-06
sub-10,59.94005994005965,3.3123679950887452e-06
sub-10,60.00900135020253,3.3221146039346264e-06
sub-10,66.00990148522278,3.186821559472727e-06
sub-10,36.00540081012152,3.5687426348505914e-06
sub-10,48.00720108016199,3.2716091494340597e-06
sub-10,75.00750075007505,3.2142236963176315e-06
sub-10,63.00630063006304,3.411648940835056e-06
sub-10,102.02040408081612,3.3047063527917497e-06
sub-10,123.01845276791528,2.757911858078673e-06
sub-10,30.003000300029974,2.849602979614835e-06
sub-10,60.009001350202496,2.6029949639908684e-06
sub-10,60.00900135020266,3.3295105670890443e-06
sub-10,57.008551282692366,3.1833931818204264e-06
sub-10,57.00570057005704,2.979281606922865e-06
sub-10,63.00945141771262,3.024130974675511e-06
sub-10,69.01035155273287,2.975236169869589e-06
sub-10,90.01350202530374,3.140161103323384e-06
sub-10,81.00810081008105,2.923571494883568e-06
sub-10,78.01170175526346,3.0025073268426294e-06
sub-10,78.01170175526325,3.0503745457230328e-06
sub-10,75.01125168775312,2.9548060501668136e-06
sub-10,39.00585087763162,3.011685189351148e-06
sub-10,102.01020102010236,2.6664942273389357e-06
sub-10,75.01125168775289,2.681430491360128e-06
sub-10,60.00900135020266,2.49868384465445e-06
sub-10,54.00810121518208,2.9725535904473576e-06
sub-10,81.00810081008129,3.01156060733972e-06
sub-10,129.01935290293497,3.1894766848442524e-06
sub-10,162.02430364554718,2.9815805671787137e-06
sub-10,105.01575236285466,3.1948457320871654e-06
sub-10,91.44163451921672,2.901759983586007e-06
sub-10,120.0,2.796169938218816e-06
sub-10,59.94005994005455,3.33723793583617e-06
sub-10,40.9407269253514,3.1827198249497136e-06
sub-10,59.94005994006135,3.719690863109163e-06
sub-10,0.0,2.6761724387143966e-06
sub-10,0.0,2.73588579615946e-06
sub-10,0.0,3.0370915204175265e-06
sub-10,0.0,2.8260505636298053e-06
sub-10,27.005401080215915,2.6609169819264722e-06
sub-10,27.002700270027095,2.9235211448956167e-06
sub-10,12.001800270040462,2.750167815597893e-06
sub-10,12.001200120012042,2.8968104933474904e-06
sub-10,24.003600540080924,2.8671305427043978e-06
sub-10,21.004200840168057,2.8970804352805166e-06
sub-10,15.001500150015053,2.6551710708068085e-06
sub-10,18.002700405060693,2.683087428746456e-06
sub-10,39.00585087763173,2.7518088222578276e-06
sub-10,36.00360036003592,2.752330913354273e-06
sub-10,18.0027004050608,2.637034748487043e-06
sub-10,27.002700270026942,3.064549125100332e-06
sub-10,12.0024004800961,3.1152605052536887e-06
sub-10,18.00180018001796,3.2886752530715568e-06
sub-10,17.146123071061076,3.219570890653065e-06
sub-10,60.0,2.9969845105010473e-06
sub-10,0.0,2.690004589797252e-06
sub-10,0.0,3.3217047939582164e-06
sub-10,0.0,3.192740401262234e-06
sub-11,0.0,4.371423692771102e-06
sub-11,0.0,4.016152357185169e-06
sub-11,0.0,2.7309487405280918e-06
sub-11,0.0,2.9395706621300766e-06
sub-11,0.0,4.518026008217985e-06
sub-11,0.0,4.275883633433139e-06
sub-11,0.0,4.571740017195226e-06
sub-11,3.0004500675101267,4.197026201264959e-06
sub-11,3.0004500675101267,4.657265601977452e-06
sub-11,0.0,5.109788495704096e-06
sub-11,3.0003000300029976,4.829048580535967e-06
sub-11,3.0004500675101284,5.089072696285192e-06
sub-11,0.0,5.205380790920443e-06
sub-11,0.0,4.925797222555923e-06
sub-11,3.0004500675101284,5.017506665674215e-06
sub-11,12.001800270040498,4.187520487715471e-06
sub-11,0.0,4.618064328678435e-06
sub-11,0.0,5.160576749820565e-06
sub-11,0.0,4.1067586002447705e-06
sub-11,0.0,4.574235725783593e-06
sub-11,0.0,4.677114999503205e-06
sub-11,0.0,5.331889782144562e-06
sub-11,6.000600060006004,4.465062684992407e-06
sub-11,0.0,4.359465388239644e-06
sub-11,0.0,4.618181982525612e-06
sub-11,0.0,4.1978705515666325e-06
sub-11,0.0,4.266257174649213e-06
sub-11,0.0,4.543814200389818e-06
sub-11,0.0,4.674426647938499e-06
sub-11,0.0,4.447625837019249e-06
sub-11,0.0,5.554066296605482e-06
sub-11,0.0,4.228232486293591e-06
sub-11,0.0,4.0797332043966594e-06
sub-11,0.0,4.311139967288174e-06
sub-11,0.0,4.194349603835042e-06
sub-11,0.0,3.31975178025524e-06
sub-11,0.0,5.26035073309158e-06
sub-11,0.0,5.823236444092206e-06
sub-11,3.5112359550561636,0.0002590248207181787
sub-11,0.0,5.921144355268163e-06
sub-11,0.0,4.678838351095743e-06
sub-11,0.0,5.263096254789487e-06
sub-11,0.0,3.912858112406829e-06
sub-11,9.008558130223715,0.0006006102681620183
sub-11,15.002250337550578,5.047765841880164e-06
sub-11,33.00495074261146,5.064781499540829e-06
sub-11,15.002250337550578,5.4348302490786e-06
sub-11,9.000900090009031,5.957862385830005e-06
sub-11,15.002250337550578,5.211335939090906e-06
sub-11,18.0027004050608,5.523563509794336e-06
sub-11,21.003150472570933,5.35997526310857e-06
sub-11,27.002700270026942,5.442070692490327e-06
sub-11,24.003600540081067,4.800413143667255e-06
sub-11,6.000900135020231,5.491630374357911e-06
sub-11,15.002250337550665,5.541373651559985e-06
sub-11,18.00180018001796,4.944160238185958e-06
sub-11,6.000900135020267,4.707624983372662e-06
sub-11,20.003810249571362,4.652648166247408e-06
sub-11,0.0,4.035799081390845e-06
sub-11,0.0,3.0854656545872696e-06
sub-11,0.0,3.5627767425583613e-06
sub-12,13.174557784223213,3.403741497445746e-06
sub-12,60.0,3.4015339575293374e-06
sub-12,0.0,3.076917807013339e-06
sub-12,0.0,3.519523229485973e-06
sub-12,0.0,4.14687199679412e-06
sub-12,12.001800270040498,3.12256696139622e-06
sub-12,12.001800270040514,3.090869063429237e-06
sub-12,9.000900090008992,2.9744061537997986e-06
sub-12,12.001800270040533,3.2542826294665795e-06
sub-12,9.001350202530373,3.2545694415696938e-06
sub-12,3.000300030003002,3.139043045608836e-06
sub-12,6.000900135020249,3.3801786706110095e-06
sub-12,6.000900135020249,3.065470743257348e-06
sub-12,0.0,3.199060065713443e-06
sub-12,15.002250337550624,3.087003264363557e-06
sub-12,15.002250337550624,2.919540874495437e-06
sub-12,12.001800270040533,3.116130820324129e-06
sub-12,9.001350202530373,3.054760497148188e-06
sub-12,9.000900090009006,2.8985440184906e-06
sub-12,12.003000750187542,3.5207990582507264e-06
sub-12,15.000750037501858,3.1335581137557918e-06
sub-12,3.0004500675101333,3.503895545115091e-06
sub-12,3.0003000300029936,3.2514704289926794e-06
sub-12,9.0013502025304,2.955132517353578e-06
sub-12,9.001350202530347,2.988617897742744e-06
sub-12,12.001200120012042,3.212580064054731e-06
sub-12,9.001350202530347,3.5013359424810783e-06
sub-12,6.000900135020267,3.3079784771042156e-06
sub-12,12.001800270040533,3.3945830535371645e-06
sub-12,30.004500675101156,3.30563753214462e-06
sub-12,9.0013502025304,3.136368399064857e-06
sub-12,6.000600060005987,2.973499867096301e-06
sub-12,9.0013502025304,3.0975391284280304e-06
sub-12,18.0027004050608,3.138562617576847e-06
sub-12,5.715102157451045,3.176578819258891e-06
sub-12,0.0,3.5632159198407834e-06
sub-12,0.0,3.3850235590694357e-06
sub-12,0.0,2.9908781805010107e-06
sub-12,6.899235776960095,3.3809307319007525e-06
sub-12,0.0,2.984466744632362e-06
sub-12,0.0,3.4055707369280214e-06
sub-12,0.0,2.87990459386192e-06
sub-12,0.0,3.4426191788507703e-06
sub-12,60.0,3.7514431457368987e-06
sub-12,15.013512160944787,3.196435157852154e-06
sub-12,6.000600060006021,3.12979410051886e-06
sub-12,6.000900135020267,3.30247171228713e-06
sub-12,15.002250337550578,3.407658439057436e-06
sub-12,15.002250337550665,3.5701991820210406e-06
sub-12,12.001800270040462,3.4616075536056787e-06
sub-12,15.00225033755075,3.1946043906001456e-06
sub-12,33.00330033003293,3.172978065560639e-06
sub-12,6.0012002400479805,3.4592619532449573e-06
sub-12,0.0,3.6592859670038395e-06
sub-12,0.0,3.308018148922931e-06
sub-12,0.0,3.3270150711404565e-06
sub-12,0.0,3.5047225471524793e-06
sub-12,0.0,3.4974402342827292e-06
sub-12,0.0,3.55656363423012e-06
sub-12,0.0,3.5504727065321277e-06
sub-12,0.0,4.207328328468729e-06
sub-12,0.0,3.47675161193647e-06
sub-13,5.188665648150817,4.17664803410234e-06
sub-13,0.0,4.470681786642874e-06
sub-13,0.0,5.523595514476713e-06
sub-13,0.0,3.38284417389631e-06
sub-13,0.0,3.955387808464856e-06
sub-13,0.0,3.7961449289725928e-06
sub-13,21.002100210020995,3.7542692156393236e-06
sub-13,21.003150472570887,4.04808504474561e-06
sub-13,33.00330033003299,4.299344966458414e-06
sub-13,39.005850877631644,4.527511967524588e-06
sub-13,33.00495074261141,4.955543386988925e-06
sub-13,24.003600540080996,6.070856569584353e-06
sub-13,36.00540081012154,4.385358394632808e-06
sub-13,54.005400540053955,5.182414924325509e-06
sub-13,39.0078015603121,6.694149098699334e-06
sub-13,27.002700270026978,5.34318662073647e-06
sub-13,21.003150472570873,5.362554627243385e-06
sub-13,33.00495074261146,4.857031190900007e-06
sub-13,24.002400240024016,4.374425171470225e-06
sub-13,24.004800960191993,4.66195996840577e-06
sub-13,24.002400240024016,4.229505678148877e-06
sub-13,15.002250337550624,4.338458899922141e-06
sub-13,24.002400240024016,4.508040301146658e-06
sub-13,33.00495074261137,4.70728153777288e-06
sub-13,24.003600540081067,5.712298745055671e-06
sub-13,45.00675101265187,5.7805453081831484e-06
sub-13,21.003150472570873,6.255790596803163e-06
sub-13,51.00510051005103,6.439097466352499e-06
sub-13,45.00675101265187,5.2767357089079915e-06
sub-13,60.00900135020266,4.862355058130201e-06
sub-13,42.00420042004191,4.287207959224504e-06
sub-13,24.003600540081067,4.45257128700777e-06
sub-13,51.00510051005089,4.63838659083525e-06
sub-13,57.01140228045615,4.721057669030413e-06
sub-13,48.57836833833415,5.032625292674203e-06
sub-13,240.0,2.91105461863758e-06
sub-13,0.0,4.262387400629222e-06
sub-13,60.0,4.814921955798953e-06
sub-13,34.75670307845078,4.8146734085078665e-06
sub-13,59.464816650154496,4.927402958841465e-06
sub-13,60.0,5.431579300650013e-06
sub-13,60.0,6.207554943907427e-06
sub-13,120.0,4.7403806412086165e-06
sub-13,63.05675107596811,4.43720063591891e-06
sub-13,48.00480048004817,3.980082496912817e-06
sub-13,45.006751012651996,4.40527399550622e-06
sub-13,30.004500675101156,4.244330136250426e-06
sub-13,42.00630094514187,4.7592191810916e-06
sub-13,51.007651147671965,5.665507110166816e-06
sub-13,24.004800960192064,5.309904949977801e-06
sub-13,24.001200060002972,4.256378243944907e-06
sub-13,39.00585087763173,4.118112197424041e-06
sub-13,39.00585087763173,4.68498005811252e-06
sub-13,27.00405060759104,4.338507787034524e-06
sub-13,48.00720108016213,4.075076836329403e-06
sub-13,60.00600060005987,4.374795234731091e-06
sub-13,60.00900135020266,3.9976264086542674e-06
sub-13,45.72081725960861,4.802823074402037e-06
sub-13,0.0,4.041820225632732e-06
sub-13,0.0,3.358575900766921e-06
sub-13,60.0,3.1140578227032077e-06
sub-14,0.0,3.7523993394808133e-06
sub-14,0.0,2.929635349597851e-06
sub-14,0.0,3.4960049898038544e-06
sub-14,0.0,3.0914262522002247e-06
sub-14,0.0,4.971903392800656e-06
sub-14,0.0,3.6131607279118372e-06
sub-14,0.0,3.60899221514031e-06
sub-14,0.0,3.7000935297316566e-06
sub-14,0.0,3.5149778985981974e-06
sub-14,0.0,3.528539012767887e-06
sub-14,6.000900135020257,3.982142522113428e-06
sub-14,0.0,3.6969172038383517e-06
sub-14,0.0,3.3943298222357803e-06
sub-14,0.0,3.555021675166375e-06
sub-14,6.000900135020257,4.20185010698032e-06
sub-14,0.0,3.524710844055609e-06
sub-14,6.000900135020257,3.7603498776664724e-06
sub-14,6.000600060006004,3.961210640009275e-06
sub-14,0.0,3.302627919361827e-06
sub-14,3.0004500675101244,3.5073732738314615e-06
sub-14,3.000300030003002,3.840362379172545e-06
sub-14,3.0004500675101244,3.5098391242168293e-06
sub-14,0.0,3.7656728825471163e-06
sub-14,6.000900135020267,3.977995077433568e-06
sub-14,0.0,4.024240241157211e-06
sub-14,3.0004500675101244,4.260183129799373e-06
sub-14,3.000300030003002,4.209026547587234e-06
sub-14,3.000600120024008,4.0759554311292515e-06
sub-14,6.000600060006004,3.293168975556704e-06
sub-14,0.0,3.4508572687583684e-06
sub-14,3.000600120024008,3.1035013102836805e-06
sub-14,0.0,3.6357321912914142e-06
sub-14,3.0004500675101333,3.2739614606841505e-06
sub-14,0.0,3.297396005854378e-06
sub-14,0.0,3.3745599069554615e-06
sub-14,0.0,3.87264365972672e-06
sub-14,0.0,3.3548755028730302e-06
sub-14,0.0,3.8281244128950486e-06
sub-14,0.0,3.5684718750726987e-06
sub-14,0.0,4.126365671680659e-06
sub-14,0.0,2.831136124730668e-06
sub-14,3.0004500675101156,3.5608442906974183e-06
sub-14,6.000600060006021,4.52413905682464e-06
sub-14,0.0,5.001594571816584e-06
sub-14,3.0004500675101156,4.346763027185773e-06
sub-14,9.000900090009031,3.886941251293214e-06
sub-14,12.001800270040462,3.5373467492946866e-06
sub-14,3.0004500675101333,3.381897009445385e-06
sub-14,24.00240024002395,5.474794840774149e-06
sub-14,6.000900135020267,4.323580118917927e-06
sub-14,9.0013502025304,4.910568572919758e-06
sub-14,3.0003000300029936,6.385079851362892e-06
sub-14,18.0027004050608,3.805419517775722e-06
sub-14,15.002250337550578,4.247210253540519e-06
sub-14,22.860408629804304,4.412729837225923e-06
sub-14,0.0,4.10952179800085e-06
sub-14,0.0,8.632517935655642e-06
sub-14,60.0,4.786859654273828e-06
sub-15,6.026516673362797,3.7751339287046144e-06
sub-15,0.0,2.7954031069566708e-06
sub-15,0.0,3.0429614024875766e-06
sub-15,0.0,2.7834854796992893e-06
sub-15,59.940059940059875,3.439855224279308e-06
sub-15,6.0060060060060065,3.849804542857218e-06
sub-15,0.0,3.6541204775338962e-06
sub-15,0.0,3.85323827759586e-06
sub-15,3.0003000300029994,3.355357624564224e-06
sub-15,6.000900135020253,3.805262318622558e-06
sub-15,6.000900135020253,3.7581237090575284e-06
sub-15,3.0004500675101284,4.130312519407925e-06
sub-15,3.0004500675101244,3.7367063919856e-06
sub-15,12.001800270040498,3.6359856973276723e-06
sub-15,3.0004500675101284,4.097053392935207e-06
sub-15,3.000300030003002,3.7012305766828464e-06
sub-15,6.000900135020257,3.6537891862179416e-06
sub-15,15.001500150014968,3.5293269877339464e-06
sub-15,6.001200240048016,4.092453477815044e-06
sub-15,9.000900090009006,3.760977605219468e-06
sub-15,6.000900135020249,3.505960676848988e-06
sub-15,6.000600060006004,3.4674204855360564e-06
sub-15,9.001800360072023,3.5354761648427256e-06
sub-15,6.000600060005987,3.918773580419503e-06
sub-15,9.0013502025304,3.8960311465199916e-06
sub-15,3.0004500675101244,3.6658211262298728e-06
sub-15,9.000900090009006,3.7248019018047087e-06
sub-15,6.000900135020249,3.849137442199484e-06
sub-15,3.000600120024008,4.1054412943163784e-06
sub-15,3.000300030003002,3.8670441943846415e-06
sub-15,9.00090009000898,4.164368444890773e-06
sub-15,0.0,3.543103443000367e-06
sub-15,3.0003000300029936,3.838530002993136e-06
sub-15,12.001800270040533,3.733570686187883e-06
sub-15,0.0,3.5452365095095027e-06
sub-15,0.0,4.574581716592352e-06
sub-15,0.0,5.403392801264731e-06
sub-15,19.99500124968751,4.060201032881792e-06
sub-15,0.0,4.7577229908666044e-06
sub-15,0.0,4.243316748849267e-06
sub-15,0.0,3.940954954136304e-06
sub-15,3.0004500675101333,3.95671992655799e-06
sub-15,9.0013502025304,5.246976994127525e-06
sub-15,0.0,4.7588787153300145e-06
sub-15,9.0013502025304,7.637136353834659e-05
sub-15,0.0,6.636416539007167e-06
sub-15,6.000600060006021,4.334273583856624e-06
sub-15,6.000900135020231,5.24928539813181e-06
sub-15,0.0,4.634567973043847e-06
sub-15,3.0004500675101333,6.064894455783382e-06
sub-15,0.0,4.903740835580855e-06
sub-15,0.0,6.107181655771491e-06
sub-15,3.0003000300029936,7.159287117402706e-06
sub-15,0.0,6.3626344397460615e-06
sub-15,0.0,5.860694409927192e-06
sub-15,0.0,5.115044032545492e-06
sub-15,240.0,5.450240520324215e-06
sub-15,0.0,3.869160274942662e-06
sub-15,0.0,4.047943480974701e-06
sub-16,0.8956293288750895,3.8073999746930147e-06
sub-16,0.0,5.038658622931381e-06
sub-16,0.0,4.025615388289686e-06
sub-16,0.0,3.818605561952296e-06
sub-16,0.0,4.0620229655820755e-06
sub-16,0.0,4.15245026054542e-06
sub-16,3.000300030003002,4.232843711501986e-06
sub-16,0.0,4.646032937199278e-06
sub-16,0.0,4.888700994744455e-06
sub-16,0.0,4.104130082899743e-06
sub-16,0.0,5.813174212598682e-06
sub-16,3.0004500675101244,6.0087228814621175e-06
sub-16,0.0,4.288445220518078e-06
sub-16,0.0,4.198014159195704e-06
sub-16,6.000600060006004,3.90378423007116e-06
sub-16,3.0004500675101244,3.676730688108048e-06
sub-16,3.0004500675101333,3.843763849787588e-06
sub-16,3.000600120023999,3.999008242441196e-06
sub-16,3.000300030003002,4.738866577949047e-06
sub-16,0.0,4.0995526743162336e-06
sub-16,0.0,4.482620574293848e-06
sub-16,0.0,3.997300111916237e-06
sub-16,0.0,4.618320833982785e-06
sub-16,0.0,4.454674307639882e-06
sub-16,0.0,3.7385184342103187e-06
sub-16,0.0,4.445955262466951e-06
sub-16,0.0,5.023963811937194e-06
sub-16,0.0,4.9764305980887925e-06
sub-16,3.0004500675101333,4.540626610971625e-06
sub-16,9.001350202530347,4.237348965548766e-06
sub-16,9.0013502025304,4.337873172480993e-06
sub-16,9.00090009000898,4.610537990527088e-06
sub-16,9.0013502025304,4.189917101342677e-06
sub-16,21.003150472570933,4.0408996480502326e-06
sub-16,22.86040862980418,3.7065575551139023e-06
sub-16,60.0,3.7019011800623845e-06
sub-16,60.0,4.125656715779539e-06
sub-16,60.0,4.393985215628123e-06
sub-16,34.00534369686665,4.3625149851585084e-06
sub-16,0.0,4.281090573314598e-06
sub-16,60.0,4.591000320742083e-06
sub-16,120.0,7.584925272202309e-06
sub-16,59.94005994006135,4.6855596934339645e-06
sub-16,39.0078015603121,3.815046033984787e-06
sub-16,51.00510051005089,3.851682493949049e-06
sub-16,30.00450067510133,4.361515741154989e-06
sub-16,24.003600540080924,4.098507196684783e-06
sub-16,60.00900135020266,3.9094649278448e-06
sub-16,78.00780078007783,4.0568132494493365e-06
sub-16,51.00765114767226,4.3702087121939015e-06
sub-16,60.00900135020266,4.867228914694986e-06
sub-16,66.00990148522254,6.848205419071263e-06
sub-16,51.00510051005118,5.911676148965307e-06
sub-16,57.008551282692196,5.2131480420579935e-06
sub-16,69.00690069006924,5.431691831848889e-06
sub-16,54.00810121518208,4.74402618848103e-06
sub-16,39.00585087763173,4.805230264798142e-06
sub-16,0.0,4.250916254391626e-06
sub-16,0.0,3.805359406596075e-06
sub-16,0.0,4.197050950289423e-06
sub-16,0.0,3.345503331437569e-06
sub-16,0.0,4.144231587220227e-06
sub-17,34.68333393547455,4.3502198445904945e-06
sub-17,60.0,4.013366939234654e-06
sub-17,0.0,4.167596052525373e-06
sub-17,60.0,5.286858610606708e-06
sub-17,120.0,5.460442659527911e-06
sub-17,24.002400240023995,4.481293061164664e-06
sub-17,27.00405060759115,5.564575721431259e-06
sub-17,30.006001200240036,3.94308560595875e-06
sub-17,21.002100210021013,3.6052247651287153e-06
sub-17,9.001350202530373,4.1382051096176076e-06
sub-17,15.00150015001501,3.822063560514457e-06
sub-17,15.002250337550644,4.7516231730609386e-06
sub-17,12.001800270040498,5.261565568069554e-06
sub-17,27.002700270027017,5.0125775361855145e-06
sub-17,27.005401080216032,4.189988535608434e-06
sub-17,18.000900045002254,3.125993648720837e-06
sub-17,27.004050607591157,5.089276589343721e-06
sub-17,30.00600120023999,4.333323924739279e-06
sub-17,27.0040506075912,4.461680853267111e-06
sub-17,18.00180018001796,4.255018344336308e-06
sub-17,18.0027004050608,4.039934813613591e-06
sub-17,36.00540081012149,5.162609965570968e-06
sub-17,39.00585087763162,4.9126323566087865e-06
sub-17,39.00390039003903,5.559390106726647e-06
sub-17,27.00540108021607,4.836556769520647e-06
sub-17,45.0045004500449,3.6672462731259295e-06
sub-17,24.002400240024016,3.994868653946085e-06
sub-17,27.00540108021607,5.312000190166762e-06
sub-17,30.00300030003002,6.136348205448174e-06
sub-17,24.003600540081067,6.253674132326678e-06
sub-17,39.0058508776315,5.299880945622703e-06
sub-17,30.003000300030106,5.324991316603185e-06
sub-17,39.007801560311876,5.4952661168044094e-06
sub-17,39.003900390039135,3.8310036407751706e-06
sub-17,28.576871785101947,4.057767485135416e-06
sub-17,60.0,3.227340570236908e-06
sub-17,0.0,4.151503832768943e-06
sub-17,0.0,3.613645215024572e-06
sub-17,45.21477015825152,4.269317880719634e-06
sub-17,0.0,3.392697666830594e-06
sub-17,60.0,4.227999749085037e-06
sub-17,0.0,3.971647477000507e-06
sub-17,42.00630094514162,5.236794305447502e-06
sub-17,18.0027004050608,5.385783405136059e-06
sub-17,24.003600540080924,4.305990602826429e-06
sub-17,18.003600720144046,4.739430484309286e-06
sub-17,9.000900090009031,5.227173113231205e-06
sub-17,24.003600540080924,5.134394920059017e-06
sub-17,27.002700270027095,4.8671595970350905e-06
sub-17,30.004500675101156,4.258911978451596e-06
sub-17,36.0054008101216,4.301841699143214e-06
sub-17,33.00495074261146,4.50942799320116e-06
sub-17,24.003600540080924,6.455661288354522e-06
sub-17,30.003000300030106,4.910138801581957e-06
sub-17,30.004500675101156,5.432928374333258e-06
sub-17,30.003000300030106,4.605364702885323e-06
sub-17,31.434558963612144,4.297832152465766e-06
sub-17,0.0,4.378724035864629e-06
sub-17,60.0,4.581516642603848e-06
sub-17,0.0,4.4300694774260485e-06
sub-18,11.691969742599515,3.871610694337701e-06
sub-18,59.58291956305829,4.175038028834399e-06
sub-18,59.94005994005965,3.4960496447162436e-06
sub-18,0.0,2.9927177488611396e-06
sub-18,0.0,3.302835779743967e-06
sub-18,9.009009009009008,3.7565919116007113e-06
sub-18,9.000900090009006,3.5989042560736404e-06
sub-18,21.002100210020995,3.8094229382758226e-06
sub-18,18.00270040506076,3.7605255420497995e-06
sub-18,42.0063009451418,3.771865336440673e-06
sub-18,3.0004500675101244,3.5585966919590294e-06
sub-18,15.00150015001501,4.15447593688971e-06
sub-18,30.004500675101248,3.840921279941726e-06
sub-18,12.001800270040514,3.6883906922871935e-06
sub-18,3.0003000300029976,3.85938389480649e-06
sub-18,51.01020204040813,3.6182807847729988e-06
sub-18,6.001200240048016,3.606536865415375e-06
sub-18,12.000600030001486,3.2371642099843503e-06
sub-18,18.001800180018012,4.028906339735743e-06
sub-18,15.002250337550624,3.655328519736705e-06
sub-18,12.001800270040498,3.4110764310102122e-06
sub-18,12.001800270040533,3.3777631864339567e-06
sub-18,18.002700405060747,3.738103304346444e-06
sub-18,51.00510051005103,4.529853056587896e-06
sub-18,15.002250337550624,3.4798520440234476e-06
sub-18,24.003600540080996,3.450143560923979e-06
sub-18,12.001200120012008,3.4926139889486216e-06
sub-18,18.0027004050608,3.83254192640796e-06
sub-18,30.004500675101156,3.444037420002158e-06
sub-18,9.0013502025304,3.433444629536556e-06
sub-18,21.00315047257081,3.841183354625295e-06
sub-18,18.001800180018062,4.26425949697899e-06
sub-18,9.001350202530347,4.06457433787389e-06
sub-18,24.003600540081067,3.681995971805279e-06
sub-18,20.00285755107877,3.2214280154834274e-06
sub-18,0.0,4.335547192935747e-06
sub-18,0.0,3.3991175305343063e-06
sub-18,0.0,3.2434696327908225e-06
sub-18,12.830382345393858,5.2884880886799085e-06
sub-18,0.0,4.200337839316288e-06
sub-18,120.0,4.837319390262909e-06
sub-18,59.94005994006135,4.558680211896377e-06
sub-18,21.004200840168057,3.7658931818993135e-06
sub-18,6.000900135020231,3.846733899451558e-06
sub-18,12.001200120012042,3.7329439660507575e-06
sub-18,9.001350202530347,3.990773450978235e-06
sub-18,15.002250337550665,3.6679770646821594e-06
sub-18,6.000900135020231,3.987968677533039e-06
sub-18,9.000900090009031,4.341856060291599e-06
sub-18,9.001350202530347,4.3989418708366525e-06
sub-18,9.0013502025304,4.333948678767287e-06
sub-18,6.000900135020267,5.225856266155486e-06
sub-18,9.00090009000898,4.1063044783411615e-06
sub-18,27.0040506075912,3.7028413171739693e-06
sub-18,21.00315047257081,3.625325270200881e-06
sub-18,12.001200120012042,3.3345151170781503e-06
sub-18,20.003810249571362,4.229006211407296e-06
sub-18,0.0,3.115910318692072e-06
sub-18,0.0,3.3983535424339784e-06
sub-18,60.0,3.2687598426136052e-06
sub-19,0.0,2.31910005329586e-06
sub-19,0.0,2.2747117032606424e-06
sub-19,0.0,2.7936484450218315e-06
sub-19,0.0,2.490299199653462e-06
sub-19,0.0,2.2714261522942956e-06
sub-19,0.0,2.5801427861942484e-06
sub-19,0.0,2.7084380534252042e-06
sub-19,0.0,2.8393037580493735e-06
sub-19,0.0,2.8807390641288062e-06
sub-19,3.0004500675101267,2.88722027790723e-06
sub-19,0.0,2.8879882237998137e-06
sub-19,0.0,2.6573735632450586e-06
sub-19,0.0,2.796153538663605e-06
sub-19,3.0004500675101244,2.5281752492060705e-06
sub-19,0.0,2.6811691948232073e-06
sub-19,3.0006001200240036,2.5031652368831777e-06
sub-19,3.000300030003002,2.724464996158297e-06
sub-19,0.0,2.770311930473164e-06
sub-19,3.0004500675101244,2.949459559370942e-06
sub-19,0.0,2.4778168572829724e-06
sub-19,0.0,2.6191250056005963e-06
sub-19,0.0,2.7107887126474115e-06
sub-19,0.0,2.531929220235835e-06
sub-19,0.0,2.480778981858759e-06
sub-19,6.000900135020249,2.6022436808338306e-06
sub-19,0.0,2.598049272439497e-06
sub-19,0.0,2.4134153052509043e-06
sub-19,0.0,2.337042241522048e-06
sub-19,0.0,2.649651631700629e-06
sub-19,0.0,2.858502561119357e-06
sub-19,3.000150007500389,2.375427834267569e-06
sub-19,0.0,2.3589975105832024e-06
sub-19,0.0,2.3963231537686852e-06
sub-19,0.0,2.5644316018681695e-06
sub-19,0.0,2.366292365809016e-06
sub-19,0.0,2.3741572516439417e-06
sub-19,0.0,2.5047519888968783e-06
sub-19,0.0,1.7875439850769915e-06
sub-19,0.0,2.6711802783579885e-06
sub-19,3.3270489076189436,4.964370470134729e-06
sub-19,60.0,1.312843552466661e-05
sub-19,0.0,1.589518780084801e-05
sub-19,60.0,6.283733348891195e-06
sub-19,9.0013502025304,2.251621006346722e-06
sub-19,0.0,2.4308053384964466e-06
sub-19,3.0003000300029936,2.4477499818335196e-06
sub-19,6.000900135020267,2.189616827216334e-06
sub-19,6.001200240048016,2.5371341572665993e-06
sub-19,3.0003000300029936,2.4606907718096183e-06
sub-19,6.000900135020267,2.1718851013370246e-06
sub-19,12.001200120011974,2.1189499945898755e-06
sub-19,6.000900135020267,2.1438658266764204e-06
sub-19,6.000600060005987,2.1428977503890223e-06
sub-19,6.000900135020267,1.9524894849051787e-06
sub-19,6.000900135020231,2.107069206880627e-06
sub-19,6.000900135020267,2.004398111295313e-06
sub-19,0.0,2.0386163637271566e-06
sub-19,5.714829983807968,1.9111780753284038e-06
sub-19,0.0,2.0897756110347745e-06
sub-19,0.0,1.6640742072907032e-06
sub-19,0.0,2.392081173053977e-06
sub-20,6.381790624085941,2.958355860528434e-06
sub-20,0.0,2.498477864060901e-06
sub-20,0.0,3.412440225647378e-06
sub-20,0.0,4.074701314256382e-06
sub-20,6.005705420149139,3.0566245114969968e-06
sub-20,9.00135020253038,3.5218836522451183e-06
sub-20,6.000900135020257,3.045479777865912e-06
sub-20,9.000900090008992,3.196987736017351e-06
sub-20,9.001350202530386,2.985189733581881e-06
sub-20,6.000900135020249,2.9723262431093654e-06
sub-20,3.000300030003002,3.3467461057393483e-06
sub-20,3.0004500675101244,3.202896271710735e-06
sub-20,3.000600120024008,3.158097025014946e-06
sub-20,9.000900090009006,2.923036530543498e-06
sub-20,6.004803843074448,2.808127748451632e-06
sub-20,3.0009002700810283,3.1696277521837638e-06
sub-20,9.001350202530373,3.454109585566829e-06
sub-20,3.0004500675101244,3.425259845359308e-06
sub-20,9.0013502025304,3.637851624002822e-06
sub-20,15.001500150014968,3.2545578388804805e-06
sub-20,6.000900135020267,3.254908172813188e-06
sub-20,18.002700405060747,3.637960376646225e-06
sub-20,15.002250337550624,3.4274167841837294e-06
sub-20,21.002100210021013,3.6124405260644505e-06
sub-20,24.004800960192064,3.645053177474178e-06
sub-20,12.001200120011974,3.1567402176064835e-06
sub-20,6.000900135020267,3.0305435476752192e-06
sub-20,12.001800270040462,3.0251085239523206e-06
sub-20,15.001500150015053,3.3482049172892286e-06
sub-20,12.001800270040533,3.170460052189423e-06
sub-20,9.00090009000898,3.1870480527032135e-06
sub-20,6.000900135020267,3.0583651893343896e-06
sub-20,18.003600720143943,3.1470342438795356e-06
sub-20,17.144489951424,2.9302424417756573e-06
sub-20,60.0,3.210319501854153e-06
sub-20,0.0,3.5645808785741838e-06
sub-20,0.0,3.4138179009930567e-06
sub-20,15.317063208414165,6.961229348189623e-06
sub-20,0.0,3.7697713411231857e-06
sub-20,0.0,6.516313550499328e-06
sub-20,60.0,7.645538865167749e-06
sub-20,0.0,5.766410800844139e-06
sub-20,60.0,5.110022668736358e-06
sub-20,36.03423252089486,3.053021514776137e-06
sub-20,42.008401680336114,3.7074977265613716e-06
sub-20,36.00360036003592,4.573146771116147e-06
sub-20,27.0040506075912,5.5975364484391005e-06
sub-20,39.0058508776315,5.4017691112590565e-06
sub-20,18.001800180018062,3.3827803127308016e-06
sub-20,27.002700270026942,5.749471156497783e-06
sub-20,39.0078015603121,4.047550111660401e-06
sub-20,27.002700270026942,5.112941389863828e-06
sub-20,21.00105005250272,3.947161089070344e-06
sub-20,30.0090027008102,6.7363048965752e-06
sub-20,60.00600060005987,4.435152578191869e-06
sub-20,39.00195009750483,4.633615110798011e-06
sub-20,45.00900180036012,4.063331560967319e-06
sub-20,37.12164477441472,3.941759564556694e-06
sub-20,60.0,6.041501346310945e-06
sub-20,0.0,3.878956221111267e-06
sub-20,60.0,6.246283488326522e-06
sub-21,3.5986756873470562,2.322976359196844e-06
sub-21,0.0,2.107197778317884e-06
sub-21,0.0,2.5421428012955462e-06
sub-21,0.0,2.488066754967808e-06
sub-21,0.0,2.2990800379785272e-06
sub-21,3.0006001200240036,2.177797428414843e-06
sub-21,6.000600060006004,2.085834052034053e-06
sub-21,3.0004500675101244,2.2573304052475514e-06
sub-21,12.001800270040514,2.2885528585321276e-06
sub-21,3.0004500675101244,2.310438009504436e-06
sub-21,12.002400480096032,1.9999792773219585e-06
sub-21,12.001800270040498,2.120407620442469e-06
sub-21,6.000300015000751,2.279060585465686e-06
sub-21,6.000900135020249,2.357369762405282e-06
sub-21,0.0,2.3007945270292936e-06
sub-21,6.000600060006004,2.4783452516531115e-06
sub-21,6.000600060006004,3.135770939398835e-06
sub-21,3.0004500675101244,2.485130076991214e-06
sub-21,9.0013502025304,3.558665800994285e-06
sub-21,3.0004500675101244,3.699008988931804e-06
sub-21,3.000300030003002,2.3699669067045355e-06
sub-21,12.001800270040498,2.300266405951648e-06
sub-21,9.001350202530373,2.1980799148126772e-06
sub-21,18.002700405060747,2.267393681446801e-06
sub-21,3.0004500675101333,2.1445689431863967e-06
sub-21,0.0,2.075572222683924e-06
sub-21,12.001800270040462,2.243234310203674e-06
sub-21,6.000900135020267,2.0240539612536635e-06
sub-21,15.002250337550665,2.212460210454884e-06
sub-21,15.001500150014968,2.2992080807624042e-06
sub-21,9.0013502025304,2.228208528397022e-06
sub-21,27.00405060759104,2.0708785370245986e-06
sub-21,6.000300015000778,2.1818550041815874e-06
sub-21,15.003000600119952,2.343636621158681e-06
sub-21,17.14612307106117,2.2810875533397726e-06
sub-21,60.0,1.858035359742651e-06
sub-21,0.0,2.1503038579465973e-06
sub-21,0.0,2.439374898748331e-06
sub-21,60.0,2.3274321142331447e-06
sub-21,21.424745581146226,5.206768558273821e-05
sub-21,0.0,0.00030058698318412486
sub-21,0.0,0.00037460668437730427
sub-21,0.0,0.0003038231582645525
sub-21,6.005404864377949,0.0001615012840320466
sub-21,3.0004500675101156,2.003146528786944e-06
sub-21,6.000600060006021,2.1687891056720284e-06
sub-21,9.001350202530347,2.3180270423246175e-06
sub-21,6.000600060006021,2.543695111776704e-06
sub-21,12.002400480096032,2.5440497534582542e-06
sub-21,21.002100210020956,2.346484636515381e-06
sub-21,15.002250337550665,2.5509522773521914e-06
sub-21,21.002100210020956,2.503729135004128e-06
sub-21,15.002250337550665,2.5378272623352667e-06
sub-21,15.002250337550578,2.883155635812903e-06
sub-21,15.002250337550665,2.4099951161796018e-06
sub-21,6.000900135020231,2.3740168981476537e-06
sub-21,12.001800270040533,2.6911511618376596e-06
sub-21,25.717959708529843,2.71157638575501e-06
sub-21,60.0,2.8518436310142318e-06
sub-21,60.0,3.0007733786289596e-06
sub-21,0.0,2.099011968038073e-06
sub-21,60.0,2.5470921976070068e-06
sub-22,2.937504589850922,3.5384090375726086e-06
sub-22,0.0,3.8908107332043145e-06
sub-22,0.0,4.3027880141717195e-06
sub-22,0.0,3.51970919834451e-06
sub-22,60.0,3.206540280642342e-06
sub-22,0.0,3.3744217231036044e-06
sub-22,12.011410840298282,3.73616441677505e-06
sub-22,3.0004500675101267,3.493775113715307e-06
sub-22,9.00135020253038,3.696834937286367e-06
sub-22,12.001800270040507,3.4212549049745475e-06
sub-22,6.000600060006004,3.5669788023122522e-06
sub-22,6.000900135020249,3.883668143207528e-06
sub-22,12.001200120012008,3.7188504680434854e-06
sub-22,15.003000600120018,3.6533436925417554e-06
sub-22,18.001800180018012,3.9753586963958805e-06
sub-22,6.000900135020249,4.094476887497223e-06
sub-22,9.001350202530386,4.177062357825997e-06
sub-22,9.001350202530373,4.177277959607867e-06
sub-22,15.00150015001501,4.1340536577632596e-06
sub-22,9.001350202530373,4.2400610796832755e-06
sub-22,21.003150472570933,4.120769983800879e-06
sub-22,18.002700405060747,4.314504096346767e-06
sub-22,6.000600060006004,4.178837782943628e-06
sub-22,45.00675101265187,3.82877710845607e-06
sub-22,18.002700405060747,3.94587869995308e-06
sub-22,9.001350202530373,3.963685997273398e-06
sub-22,30.00450067510133,4.169870821909754e-06
sub-22,24.00240024002395,4.141596385868159e-06
sub-22,12.001800270040533,3.960250077456252e-06
sub-22,21.003150472570873,4.19478143769316e-06
sub-22,12.001200120011974,3.979558716433742e-06
sub-22,12.002400480096032,4.034937318444479e-06
sub-22,18.001800180018062,4.688642000215429e-06
sub-22,21.00315047257081,4.442767241028927e-06
sub-22,3.0004500675101333,4.950156471057361e-06
sub-22,8.572653236176615,4.14895376744919e-06
sub-22,0.0,4.223656867823979e-06
sub-22,0.0,3.6913707947897427e-06
sub-22,0.0,4.050832776524744e-06
sub-22,0.0,3.5928130610927073e-06
sub-22,0.0,3.277916949700936e-06
sub-22,0.0,3.997316933696961e-06
sub-22,0.0,4.562118394553438e-06
sub-22,0.0,3.896268098122667e-06
sub-22,3.002852710074572,3.513954406745033e-06
sub-22,3.0003000300029936,3.766298291108856e-06
sub-22,3.0004500675101333,3.841515170380091e-06
sub-22,3.0004500675101156,3.7824398805576423e-06
sub-22,6.000600060006021,4.10929643045897e-06
sub-22,3.000600120024008,4.153731631147594e-06
sub-22,0.0,3.7672338491090127e-06
sub-22,12.002400480096032,4.175526078531138e-06
sub-22,9.00090009000898,3.881372391686193e-06
sub-22,6.000900135020267,4.181976921153102e-06
sub-22,9.0013502025304,4.940750370843987e-06
sub-22,9.001350202530347,3.947526979546587e-06
sub-22,6.000600060006021,4.022621789077269e-06
sub-22,6.000900135020231,3.809909029764706e-06
sub-22,2.857687178510195,4.3347781186546735e-06
sub-22,0.0,3.4942654105214752e-06
sub-22,0.0,3.7153472126917574e-06
sub-22,0.0,3.218583342492154e-06
sub-23,14.234060306604931,4.038230951383786e-06
sub-23,0.0,5.201400121131228e-06
sub-23,0.0,4.321996707176274e-06
sub-23,0.0,4.245273630248294e-06
sub-23,27.005401080216032,4.0790309184829875e-06
sub-23,21.004200840168057,3.998431933499592e-06
sub-23,12.000600030001502,4.044137645697579e-06
sub-23,12.001800270040498,4.084230469458482e-06
sub-23,24.003600540081028,4.056116535947692e-06
sub-23,9.000900090008992,4.119431295496978e-06
sub-23,21.00210021002098,4.0781073808441565e-06
sub-23,36.00720144028809,4.473521035764101e-06
sub-23,12.001200120012008,3.9741327110393815e-06
sub-23,30.004500675101248,4.623955406964847e-06
sub-23,24.004800960192064,4.038726156491155e-06
sub-23,21.001050052502602,4.024857831081321e-06
sub-23,21.003150472570933,4.167202359402813e-06
sub-23,15.003000600119995,4.4043652203638466e-06
sub-23,18.001800180018012,4.056248250674017e-06
sub-23,6.000600060006004,4.165420002824767e-06
sub-23,12.002400480096032,4.056252468863869e-06
sub-23,12.001200120011974,4.0231754068553345e-06
sub-23,21.003150472570933,4.176970038997354e-06
sub-23,9.001800360071996,4.3112698399905196e-06
sub-23,42.002100105005205,4.4295736458528715e-06
sub-23,36.0054008101216,4.695415982463741e-06
sub-23,33.00660132026409,4.257524460702324e-06
sub-23,27.001350067503346,4.369696161976223e-06
sub-23,18.0027004050608,4.580546819061905e-06
sub-23,21.00315047257081,4.477698754660427e-06
sub-23,18.001800180018062,4.4441386186226874e-06
sub-23,12.002400480096032,4.595152439303495e-06
sub-23,18.00180018001796,5.194777414081736e-06
sub-23,20.003810249571362,4.965673151547049e-06
sub-23,60.0,4.443343049194051e-06
sub-23,0.0,4.285408805601643e-06
sub-23,60.0,4.123327695598897e-06
sub-23,0.0,4.7637865877917714e-06
sub-23,28.927612094496858,8.560312816779312e-06
sub-23,60.0,5.979817356473601e-06
sub-23,0.0,5.565528748828163e-06
sub-23,0.0,5.266240400398277e-06
sub-23,0.0,4.607996072765669e-06
sub-23,6.0012002400479805,3.824260229505508e-06
sub-23,6.000600060006021,3.7796238072329098e-06
sub-23,15.002250337550665,3.894021586863288e-06
sub-23,9.00090009000898,3.6466343629448478e-06
sub-23,9.0013502025304,4.31701739893206e-06
sub-23,3.0004500675101156,3.850669863104102e-06
sub-23,6.000900135020267,3.478420599052379e-06
sub-23,9.001350202530347,3.675766358721062e-06
sub-23,3.0003000300030105,4.039842579939696e-06
sub-23,24.003600540080924,3.871282214626656e-06
sub-23,3.0004500675101333,3.916983769233565e-06
sub-23,21.003150472570933,4.094563201741124e-06
sub-23,12.001200120011974,3.5737302709236785e-06
sub-23,0.0,3.995089487352577e-06
sub-23,8.572653236176661,3.812113809716875e-06
sub-23,0.0,2.613362527180936e-06
sub-23,0.0,3.8157955082327614e-06
sub-23,0.0,3.257361678309762e-06
